event_id,event_type,playlist_id,track_id,user_id,timestamp
361771,TrackAddedToPlaylist,76,9308,741105,2025-05-13 06:36:33
361772,TrackAddedToPlaylist,56,3895,420022,2025-05-15 01:28:34
361773,TrackAddedToPlaylist,26,3787,400226,2025-05-05 12:36:45
361774,TrackAddedToPlaylist,75,9523,577395,2025-05-29 12:50:03
361775,TrackAddedToPlaylist,39,8562,861511,2025-05-20 20:42:30
361776,TrackAddedToPlaylist,16,4098,511824,2025-05-15 20:15:23
361777,TrackAddedToPlaylist,3,3102,553157,2025-05-14 22:39:27
361778,TrackAddedToPlaylist,48,8389,209444,2025-05-27 00:51:53
361779,TrackAddedToPlaylist,9,7799,564782,2025-05-17 19:09:03
361780,TrackAddedToPlaylist,27,1463,183262,2025-05-23 12:55:40
361781,TrackAddedToPlaylist,5,2996,913850,2025-05-28 22:30:22
361782,TrackAddedToPlaylist,95,6270,184496,2025-05-05 11:48:14
361783,TrackAddedToPlaylist,30,7803,352009,2025-05-06 05:21:07
361784,TrackAddedToPlaylist,72,2714,348593,2025-05-07 10:15:54
361785,TrackAddedToPlaylist,30,7789,348913,2025-05-04 17:58:09
361786,TrackAddedToPlaylist,52,1764,392428,2025-05-09 02:04:27
361787,TrackAddedToPlaylist,63,5679,215177,2025-06-01 09:09:22
361788,TrackAddedToPlaylist,100,5501,745893,2025-05-21 12:34:21
361789,TrackAddedToPlaylist,86,8895,236899,2025-05-13 18:47:58
361790,TrackAddedToPlaylist,35,8562,628325,2025-05-08 07:29:54
361791,TrackAddedToPlaylist,83,1464,312987,2025-05-04 15:52:34
361792,TrackAddedToPlaylist,13,1727,415915,2025-05-03 11:45:57
361793,TrackAddedToPlaylist,100,5679,981779,2025-05-31 17:56:00
361794,TrackAddedToPlaylist,99,1432,437089,2025-05-24 07:17:15
361795,TrackAddedToPlaylist,96,2831,691654,2025-05-11 15:23:15
361796,TrackAddedToPlaylist,39,8313,547742,2025-05-31 02:38:23
361797,TrackAddedToPlaylist,54,2714,564782,2025-05-14 15:08:56
361798,TrackAddedToPlaylist,46,8920,412535,2025-05-24 12:23:22
361799,TrackAddedToPlaylist,13,5501,911440,2025-05-28 12:45:49
361800,TrackAddedToPlaylist,25,4828,795441,2025-05-27 03:05:07
361801,TrackAddedToPlaylist,69,3134,671960,2025-05-28 10:49:40
361802,TrackAddedToPlaylist,62,2203,159135,2025-05-25 08:59:56
361803,TrackAddedToPlaylist,73,4120,892807,2025-05-14 02:04:09
361804,TrackAddedToPlaylist,18,9964,366485,2025-05-17 17:38:16
361805,TrackAddedToPlaylist,74,1895,412515,2025-05-30 00:57:11
361806,TrackAddedToPlaylist,74,9809,190583,2025-05-23 13:19:04
361807,TrackAddedToPlaylist,43,9391,542990,2025-05-28 10:04:50
361808,TrackAddedToPlaylist,92,3792,412515,2025-05-27 05:56:15
361809,TrackAddedToPlaylist,69,2336,882300,2025-05-06 00:40:49
361810,TrackAddedToPlaylist,65,6421,848254,2025-05-11 01:35:00
361811,TrackAddedToPlaylist,25,7848,338299,2025-05-07 04:30:23
361812,TrackAddedToPlaylist,62,8856,874100,2025-05-15 14:10:58
361813,TrackAddedToPlaylist,81,5493,535250,2025-05-30 21:37:32
361814,TrackAddedToPlaylist,84,7077,445167,2025-05-13 11:12:44
361815,TrackAddedToPlaylist,100,2753,990785,2025-05-05 22:45:08
361816,TrackAddedToPlaylist,41,1216,116900,2025-05-23 04:07:57
361817,TrackAddedToPlaylist,33,7110,913850,2025-05-26 20:11:17
361818,TrackAddedToPlaylist,47,6010,511824,2025-05-31 11:53:55
361819,TrackAddedToPlaylist,60,9028,870858,2025-05-15 08:08:07
361820,TrackAddedToPlaylist,47,5809,796122,2025-05-12 19:26:41
361821,TrackAddedToPlaylist,64,1164,152851,2025-05-17 23:44:28
361822,TrackAddedToPlaylist,28,7110,855000,2025-05-19 05:03:08
361823,TrackAddedToPlaylist,87,2581,272250,2025-05-31 19:30:40
361824,TrackAddedToPlaylist,66,5130,337969,2025-05-17 16:52:13
361825,TrackAddedToPlaylist,66,6270,874100,2025-05-17 00:02:20
361826,TrackAddedToPlaylist,41,7487,632215,2025-05-08 10:16:26
361827,TrackAddedToPlaylist,72,8881,792977,2025-05-04 08:00:27
361828,TrackAddedToPlaylist,99,7789,821017,2025-05-08 21:45:45
361829,TrackAddedToPlaylist,9,3929,866068,2025-05-27 08:12:30
361830,TrackAddedToPlaylist,36,4925,406711,2025-05-04 02:52:32
361831,TrackAddedToPlaylist,21,1818,377321,2025-06-01 13:39:44
361832,TrackAddedToPlaylist,69,1846,394163,2025-05-14 07:45:12
361833,TrackAddedToPlaylist,16,8055,635805,2025-05-14 17:21:56
361834,TrackAddedToPlaylist,92,1715,364652,2025-05-27 09:21:57
361835,TrackAddedToPlaylist,71,8881,881594,2025-05-17 08:23:25
361836,TrackAddedToPlaylist,68,1727,708479,2025-05-07 04:58:31
361837,TrackAddedToPlaylist,55,4341,652907,2025-05-21 02:33:58
361838,TrackAddedToPlaylist,33,6917,280566,2025-05-25 04:50:04
361839,TrackAddedToPlaylist,70,6870,908851,2025-05-07 04:30:00
361840,TrackAddedToPlaylist,35,1727,754080,2025-05-28 14:47:41
361841,TrackAddedToPlaylist,9,2988,498120,2025-05-19 07:34:52
361842,TrackAddedToPlaylist,96,1216,709649,2025-05-27 02:26:50
361843,TrackAddedToPlaylist,54,9391,280566,2025-05-16 09:47:43
361844,TrackAddedToPlaylist,28,6755,936369,2025-05-28 19:28:33
361845,TrackAddedToPlaylist,89,6340,906793,2025-05-15 20:48:01
361846,TrackAddedToPlaylist,55,9097,882626,2025-05-05 20:45:17
361847,TrackAddedToPlaylist,24,5516,347905,2025-05-24 15:31:47
361848,TrackAddedToPlaylist,47,7861,236487,2025-05-13 23:55:17
361849,TrackAddedToPlaylist,5,1463,214233,2025-05-15 09:53:39
361850,TrackAddedToPlaylist,17,2027,792977,2025-05-25 20:07:06
361851,TrackAddedToPlaylist,10,4906,469508,2025-05-09 23:36:08
361852,TrackAddedToPlaylist,86,6412,511824,2025-05-21 08:50:56
361853,TrackAddedToPlaylist,33,2753,408517,2025-05-16 06:13:51
361854,TrackAddedToPlaylist,30,9187,145720,2025-05-19 02:36:44
361855,TrackAddedToPlaylist,80,7110,542990,2025-05-26 02:39:31
361856,TrackAddedToPlaylist,46,2027,637534,2025-05-17 05:14:49
361857,TrackAddedToPlaylist,40,3961,791566,2025-05-12 04:23:52
361858,TrackAddedToPlaylist,7,2319,105837,2025-05-15 08:38:14
361859,TrackAddedToPlaylist,85,1200,665640,2025-05-08 21:40:56
361860,TrackAddedToPlaylist,53,5296,109532,2025-05-22 08:51:18
361861,TrackAddedToPlaylist,24,2266,472298,2025-05-07 23:24:01
361862,TrackAddedToPlaylist,46,2562,649354,2025-05-18 01:03:48
361863,TrackAddedToPlaylist,57,1846,445167,2025-05-27 17:42:40
361864,TrackAddedToPlaylist,59,5551,690530,2025-05-21 21:28:51
361865,TrackAddedToPlaylist,41,1513,612358,2025-05-05 19:13:27
361866,TrackAddedToPlaylist,68,5679,690530,2025-05-28 06:43:03
361867,TrackAddedToPlaylist,14,6630,252793,2025-05-19 05:12:20
361868,TrackAddedToPlaylist,90,6755,859134,2025-05-06 09:16:48
361869,TrackAddedToPlaylist,57,3787,870227,2025-05-14 21:04:37
361870,TrackAddedToPlaylist,3,7359,983892,2025-05-05 13:15:18
361871,TrackAddedToPlaylist,40,1033,399675,2025-05-12 19:52:25
361872,TrackAddedToPlaylist,43,8856,625105,2025-05-27 10:04:20
361873,TrackAddedToPlaylist,64,2774,849245,2025-05-16 08:07:21
361874,TrackAddedToPlaylist,50,2336,874100,2025-05-25 13:12:58
361875,TrackAddedToPlaylist,31,7799,497894,2025-05-18 12:30:49
361876,TrackAddedToPlaylist,48,1200,697426,2025-05-17 15:43:38
361877,TrackAddedToPlaylist,28,8219,525703,2025-05-12 13:37:46
361878,TrackAddedToPlaylist,47,4458,678838,2025-05-14 08:31:52
361879,TrackAddedToPlaylist,24,5809,445167,2025-05-07 21:42:48
361880,TrackAddedToPlaylist,96,2266,552418,2025-05-31 08:15:34
361881,TrackAddedToPlaylist,12,9042,134479,2025-05-21 05:59:08
361882,TrackAddedToPlaylist,50,5197,619075,2025-05-16 00:09:02
361883,TrackAddedToPlaylist,56,3570,846116,2025-05-14 17:20:03
361884,TrackAddedToPlaylist,12,2992,798076,2025-05-12 05:39:06
361885,TrackAddedToPlaylist,72,1895,167497,2025-05-14 22:26:15
361886,TrackAddedToPlaylist,69,5197,435795,2025-05-17 08:39:38
361887,TrackAddedToPlaylist,32,1375,814787,2025-06-01 00:19:27
361888,TrackAddedToPlaylist,76,3806,899882,2025-05-28 04:49:56
361889,TrackAddedToPlaylist,27,8182,222578,2025-05-08 14:02:55
361890,TrackAddedToPlaylist,57,1252,511824,2025-05-13 13:17:04
361891,TrackAddedToPlaylist,39,2301,123814,2025-05-24 01:22:15
361892,TrackAddedToPlaylist,63,8104,797259,2025-05-23 22:24:24
361893,TrackAddedToPlaylist,25,7876,897497,2025-05-18 01:59:59
361894,TrackAddedToPlaylist,66,6630,169070,2025-06-01 13:01:48
361895,TrackAddedToPlaylist,61,3895,754574,2025-05-10 02:27:28
361896,TrackAddedToPlaylist,31,3399,895814,2025-05-19 07:57:16
361897,TrackAddedToPlaylist,13,9809,659860,2025-05-14 05:42:37
361898,TrackAddedToPlaylist,22,8219,723457,2025-06-01 22:31:43
361899,TrackAddedToPlaylist,92,5154,873057,2025-05-18 14:32:28
361900,TrackAddedToPlaylist,13,1955,612358,2025-06-01 19:03:14
361901,TrackAddedToPlaylist,96,4634,252793,2025-05-22 11:34:17
361902,TrackAddedToPlaylist,48,4219,502761,2025-05-06 18:52:34
361903,TrackAddedToPlaylist,8,9440,373242,2025-05-31 00:02:00
361904,TrackAddedToPlaylist,71,5493,170813,2025-05-21 03:07:16
361905,TrackAddedToPlaylist,1,2336,674854,2025-05-16 07:19:19
361906,TrackAddedToPlaylist,71,3710,697426,2025-05-29 02:03:42
361907,TrackAddedToPlaylist,91,1184,469508,2025-05-07 09:10:19
361908,TrackAddedToPlaylist,43,4439,649553,2025-05-28 08:51:48
361909,TrackAddedToPlaylist,99,8510,671960,2025-05-11 07:32:43
361910,TrackAddedToPlaylist,52,9455,642365,2025-05-22 07:03:22
361911,TrackAddedToPlaylist,15,9306,426002,2025-05-27 06:05:40
361912,TrackAddedToPlaylist,18,6340,451827,2025-05-08 02:53:00
361913,TrackAddedToPlaylist,77,7077,511824,2025-05-09 13:46:13
361914,TrackAddedToPlaylist,50,7876,376353,2025-05-17 17:04:00
361915,TrackAddedToPlaylist,8,6755,635805,2025-05-06 16:31:36
361916,TrackAddedToPlaylist,72,2258,152851,2025-05-16 05:34:05
361917,TrackAddedToPlaylist,24,3539,600437,2025-05-25 22:08:54
361918,TrackAddedToPlaylist,36,5711,814787,2025-05-11 22:47:57
361919,TrackAddedToPlaylist,29,3539,357771,2025-05-29 19:14:11
361920,TrackAddedToPlaylist,23,2258,344736,2025-05-16 23:24:19
361921,TrackAddedToPlaylist,20,5296,514043,2025-05-16 20:09:43
361922,TrackAddedToPlaylist,38,3961,789363,2025-05-07 20:00:09
361923,TrackAddedToPlaylist,4,5296,691424,2025-05-24 10:06:58
361924,TrackAddedToPlaylist,42,3399,518086,2025-05-07 13:25:08
361925,TrackAddedToPlaylist,6,6174,223949,2025-05-31 13:38:18
361926,TrackAddedToPlaylist,98,4341,516584,2025-05-15 14:46:04
361927,TrackAddedToPlaylist,27,2992,970756,2025-05-06 00:28:28
361928,TrackAddedToPlaylist,3,5953,358147,2025-05-28 19:23:22
361929,TrackAddedToPlaylist,38,7671,183262,2025-05-28 16:49:36
361930,TrackAddedToPlaylist,75,8081,101101,2025-05-05 04:16:38
361931,TrackAddedToPlaylist,64,2581,674240,2025-05-27 11:17:42
361932,TrackAddedToPlaylist,16,1464,405458,2025-05-22 07:46:41
361933,TrackAddedToPlaylist,7,3134,194379,2025-05-22 21:40:23
361934,TrackAddedToPlaylist,44,1955,725443,2025-05-28 00:04:34
361935,TrackAddedToPlaylist,82,6973,101795,2025-05-27 00:57:31
361936,TrackAddedToPlaylist,6,4925,577183,2025-05-17 01:13:44
361937,TrackAddedToPlaylist,56,1895,774212,2025-05-17 17:50:03
361938,TrackAddedToPlaylist,91,9964,570701,2025-05-23 19:36:50
361939,TrackAddedToPlaylist,73,5130,244390,2025-05-31 16:32:50
361940,TrackAddedToPlaylist,4,1715,515766,2025-05-26 21:17:59
361941,TrackAddedToPlaylist,23,1920,970756,2025-05-06 07:40:59
361942,TrackAddedToPlaylist,59,6010,577183,2025-05-18 06:37:12
361943,TrackAddedToPlaylist,87,4925,933473,2025-05-20 10:42:40
361944,TrackAddedToPlaylist,38,2877,990785,2025-05-24 12:42:40
361945,TrackAddedToPlaylist,69,9610,116173,2025-05-25 03:36:35
361946,TrackAddedToPlaylist,48,7861,511824,2025-05-03 12:47:34
361947,TrackAddedToPlaylist,73,1033,795441,2025-05-27 21:02:18
361948,TrackAddedToPlaylist,53,2601,249411,2025-05-16 21:42:52
361949,TrackAddedToPlaylist,5,2601,772008,2025-05-08 06:00:00
361950,TrackAddedToPlaylist,18,1846,619075,2025-05-15 00:01:52
361951,TrackAddedToPlaylist,57,1742,193304,2025-05-11 07:09:43
361952,TrackAddedToPlaylist,48,1033,222578,2025-05-29 13:33:51
361953,TrackAddedToPlaylist,9,9455,307755,2025-05-08 14:32:22
361954,TrackAddedToPlaylist,68,6870,223949,2025-05-07 04:23:14
361955,TrackAddedToPlaylist,42,5296,437375,2025-05-28 18:46:16
361956,TrackAddedToPlaylist,78,6174,405458,2025-05-23 22:06:48
361957,TrackAddedToPlaylist,75,5844,811451,2025-05-31 13:32:46
361958,TrackAddedToPlaylist,67,7799,406711,2025-05-03 08:32:08
361959,TrackAddedToPlaylist,29,9366,696123,2025-05-22 23:28:20
361960,TrackAddedToPlaylist,8,3532,600437,2025-05-20 00:25:16
361961,TrackAddedToPlaylist,72,5154,691494,2025-05-14 10:35:14
361962,TrackAddedToPlaylist,87,1375,933473,2025-05-05 23:30:57
361963,TrackAddedToPlaylist,14,9440,420022,2025-05-09 00:18:27
361964,TrackAddedToPlaylist,45,2014,964466,2025-05-30 22:24:35
361965,TrackAddedToPlaylist,18,1463,502130,2025-05-14 02:13:24
361966,TrackAddedToPlaylist,28,1513,551562,2025-05-18 08:41:04
361967,TrackAddedToPlaylist,87,6188,777029,2025-05-20 18:27:14
361968,TrackAddedToPlaylist,70,5501,472298,2025-05-04 07:25:57
361969,TrackAddedToPlaylist,40,4423,497034,2025-05-28 06:25:27
361970,TrackAddedToPlaylist,17,7115,502130,2025-05-26 19:44:02
361971,TrackAddedToPlaylist,48,1422,547742,2025-05-10 20:04:55
361972,TrackAddedToPlaylist,50,8248,896409,2025-05-25 19:34:19
361973,TrackAddedToPlaylist,36,6996,309890,2025-05-09 01:15:52
361974,TrackAddedToPlaylist,38,6159,598397,2025-05-23 22:51:42
361975,TrackAddedToPlaylist,94,4189,400226,2025-05-15 06:20:45
361976,TrackAddedToPlaylist,94,7803,777029,2025-05-19 09:40:09
361977,TrackAddedToPlaylist,70,3929,481193,2025-05-18 17:54:21
361978,TrackAddedToPlaylist,19,6735,213171,2025-05-19 02:08:41
361979,TrackAddedToPlaylist,29,4925,481230,2025-05-23 10:05:51
361980,TrackAddedToPlaylist,7,2562,684389,2025-05-14 14:59:39
361981,TrackAddedToPlaylist,37,3570,741105,2025-05-11 01:35:15
361982,TrackAddedToPlaylist,9,7998,392428,2025-05-09 13:51:48
361983,TrackAddedToPlaylist,45,9809,697426,2025-05-18 20:49:40
361984,TrackAddedToPlaylist,84,1846,347905,2025-05-28 13:27:15
361985,TrackAddedToPlaylist,82,1920,980746,2025-05-18 15:03:48
361986,TrackAddedToPlaylist,86,8313,338299,2025-05-25 14:25:13
361987,TrackAddedToPlaylist,51,6973,691145,2025-05-31 23:53:06
361988,TrackAddedToPlaylist,13,4378,222578,2025-05-05 02:43:55
361989,TrackAddedToPlaylist,1,9097,191842,2025-05-04 17:04:32
361990,TrackAddedToPlaylist,32,2014,854250,2025-05-08 03:23:25
361991,TrackAddedToPlaylist,31,2737,591399,2025-06-01 21:37:51
361992,TrackAddedToPlaylist,58,8104,916862,2025-05-03 04:18:37
361993,TrackAddedToPlaylist,40,9976,830159,2025-05-19 17:05:11
361994,TrackAddedToPlaylist,57,6400,231729,2025-05-03 20:34:23
361995,TrackAddedToPlaylist,59,1432,280248,2025-05-22 17:12:09
361996,TrackAddedToPlaylist,4,1375,518086,2025-05-29 04:03:46
361997,TrackAddedToPlaylist,33,1252,683347,2025-05-14 00:47:59
361998,TrackAddedToPlaylist,94,2258,132469,2025-05-29 10:14:58
361999,TrackAddedToPlaylist,9,9936,655636,2025-05-04 05:27:54
362000,TrackAddedToPlaylist,72,2831,134513,2025-05-19 22:11:26
362001,TrackAddedToPlaylist,11,6870,821799,2025-05-25 16:04:36
362002,TrackAddedToPlaylist,12,8313,324002,2025-05-04 06:35:44
362003,TrackAddedToPlaylist,33,6973,214233,2025-05-27 14:23:43
362004,TrackAddedToPlaylist,52,9523,123814,2025-06-01 03:17:01
362005,TrackAddedToPlaylist,80,3130,478639,2025-05-14 23:24:50
362006,TrackAddedToPlaylist,32,2917,906793,2025-05-27 14:37:49
362007,TrackAddedToPlaylist,99,5843,478639,2025-05-25 23:49:50
362008,TrackAddedToPlaylist,45,2014,899882,2025-05-18 07:13:42
362009,TrackAddedToPlaylist,39,5551,303028,2025-05-04 19:18:25
362010,TrackAddedToPlaylist,82,4634,975369,2025-05-14 02:05:26
362011,TrackAddedToPlaylist,48,5501,981779,2025-05-24 01:39:26
362012,TrackAddedToPlaylist,53,9809,280757,2025-05-14 12:45:05
362013,TrackAddedToPlaylist,4,6359,721013,2025-05-09 03:51:56
362014,TrackAddedToPlaylist,51,7919,857996,2025-05-05 17:15:30
362015,TrackAddedToPlaylist,96,1513,553416,2025-05-04 00:46:08
362016,TrackAddedToPlaylist,35,6973,882300,2025-05-11 18:26:20
362017,TrackAddedToPlaylist,99,2877,407542,2025-05-04 12:09:16
362018,TrackAddedToPlaylist,61,3399,325667,2025-05-04 06:38:18
362019,TrackAddedToPlaylist,70,4634,691145,2025-05-12 08:28:24
362020,TrackAddedToPlaylist,22,8853,923364,2025-05-09 09:38:07
362021,TrackAddedToPlaylist,89,8881,674240,2025-05-17 12:28:04
362022,TrackAddedToPlaylist,2,2319,770309,2025-05-29 00:05:08
362023,TrackAddedToPlaylist,47,1818,550980,2025-05-17 12:39:15
362024,TrackAddedToPlaylist,100,7115,400857,2025-05-23 08:18:44
362025,TrackAddedToPlaylist,25,6870,462879,2025-05-15 15:59:11
362026,TrackAddedToPlaylist,26,2562,655636,2025-05-09 01:20:06
362027,TrackAddedToPlaylist,35,5843,611648,2025-05-08 14:32:48
362028,TrackAddedToPlaylist,63,6735,754080,2025-05-08 14:33:00
362029,TrackAddedToPlaylist,33,6421,873057,2025-05-09 03:18:02
362030,TrackAddedToPlaylist,54,3710,193304,2025-05-26 06:13:32
362031,TrackAddedToPlaylist,18,4378,358147,2025-05-18 16:09:54
362032,TrackAddedToPlaylist,73,9632,223949,2025-05-08 14:35:53
362033,TrackAddedToPlaylist,53,6870,168309,2025-05-05 01:08:20
362034,TrackAddedToPlaylist,34,2014,786550,2025-05-03 05:02:51
362035,TrackAddedToPlaylist,54,5148,104706,2025-05-26 21:27:53
362036,TrackAddedToPlaylist,38,5197,150428,2025-05-10 01:41:57
362037,TrackAddedToPlaylist,52,9558,194379,2025-05-05 08:19:44
362038,TrackAddedToPlaylist,75,5516,116494,2025-05-24 13:54:40
362039,TrackAddedToPlaylist,9,3539,408517,2025-05-18 05:40:49
362040,TrackAddedToPlaylist,63,6174,542990,2025-05-24 04:45:44
362041,TrackAddedToPlaylist,3,1190,290447,2025-05-20 20:50:18
362042,TrackAddedToPlaylist,21,7610,234985,2025-05-12 09:39:14
362043,TrackAddedToPlaylist,25,4844,532159,2025-05-27 01:03:35
362044,TrackAddedToPlaylist,84,1955,756546,2025-05-15 07:03:30
362045,TrackAddedToPlaylist,27,7610,960299,2025-05-11 11:31:28
362046,TrackAddedToPlaylist,16,5296,691494,2025-05-15 19:10:31
362047,TrackAddedToPlaylist,85,4098,593898,2025-05-31 00:56:42
362048,TrackAddedToPlaylist,97,1332,135489,2025-05-11 23:02:50
362049,TrackAddedToPlaylist,88,9192,825668,2025-05-03 02:40:22
362050,TrackAddedToPlaylist,55,2692,855000,2025-06-01 02:38:50
362051,TrackAddedToPlaylist,18,5444,760116,2025-05-04 12:54:00
362052,TrackAddedToPlaylist,28,2642,899072,2025-05-23 02:25:55
362053,TrackAddedToPlaylist,4,7077,459806,2025-05-09 10:07:05
362054,TrackAddedToPlaylist,18,9192,937071,2025-05-10 21:42:43
362055,TrackAddedToPlaylist,87,4120,980696,2025-05-08 10:02:09
362056,TrackAddedToPlaylist,45,6861,960299,2025-05-05 09:27:40
362057,TrackAddedToPlaylist,53,1028,211861,2025-05-26 03:26:17
362058,TrackAddedToPlaylist,67,2917,740953,2025-05-21 14:38:49
362059,TrackAddedToPlaylist,27,8055,178494,2025-05-07 22:26:45
362060,TrackAddedToPlaylist,76,7844,886138,2025-05-05 08:06:25
362061,TrackAddedToPlaylist,62,7799,851212,2025-05-18 22:19:39
362062,TrackAddedToPlaylist,23,8055,738368,2025-05-13 03:49:22
362063,TrackAddedToPlaylist,30,6359,280248,2025-05-11 06:20:26
362064,TrackAddedToPlaylist,92,8920,623431,2025-05-26 05:16:45
362065,TrackAddedToPlaylist,1,1920,492763,2025-05-22 05:08:43
362066,TrackAddedToPlaylist,2,5501,564782,2025-05-16 21:58:53
362067,TrackAddedToPlaylist,7,8055,312987,2025-05-14 10:05:54
362068,TrackAddedToPlaylist,9,5444,964952,2025-05-09 14:54:03
362069,TrackAddedToPlaylist,31,3563,746460,2025-05-28 02:56:06
362070,TrackAddedToPlaylist,65,8895,743091,2025-05-16 18:06:13
362071,TrackAddedToPlaylist,7,6956,330816,2025-06-01 03:30:16
362072,TrackAddedToPlaylist,53,4554,628325,2025-05-04 17:26:40
362073,TrackAddedToPlaylist,9,1955,980746,2025-05-22 05:28:01
362074,TrackAddedToPlaylist,2,4423,366485,2025-05-26 14:48:34
362075,TrackAddedToPlaylist,94,6861,348593,2025-05-23 04:08:48
362076,TrackAddedToPlaylist,38,7861,881707,2025-05-10 11:35:15
362077,TrackAddedToPlaylist,3,8920,846417,2025-05-08 10:53:07
362078,TrackAddedToPlaylist,98,8833,881594,2025-05-27 03:49:27
362079,TrackAddedToPlaylist,63,6174,742263,2025-05-08 22:17:08
362080,TrackAddedToPlaylist,72,6421,742263,2025-05-18 10:36:46
362081,TrackAddedToPlaylist,42,3929,846604,2025-05-19 12:36:37
362082,TrackAddedToPlaylist,33,4087,882300,2025-05-04 00:41:57
362083,TrackAddedToPlaylist,71,5312,552418,2025-05-10 10:08:13
362084,TrackAddedToPlaylist,35,4906,857996,2025-05-30 18:34:56
362085,TrackAddedToPlaylist,99,9391,570701,2025-05-16 02:00:53
362086,TrackAddedToPlaylist,93,3532,105837,2025-05-13 03:22:55
362087,TrackAddedToPlaylist,88,5312,481193,2025-05-03 18:51:20
362088,TrackAddedToPlaylist,12,4423,648272,2025-05-04 04:31:17
362089,TrackAddedToPlaylist,80,1266,217737,2025-05-09 12:27:06
362090,TrackAddedToPlaylist,84,2877,327039,2025-05-11 16:40:30
362091,TrackAddedToPlaylist,14,8081,280248,2025-05-21 18:57:31
362092,TrackAddedToPlaylist,3,6264,674240,2025-05-09 20:31:30
362093,TrackAddedToPlaylist,87,2737,881594,2025-05-25 16:42:56
362094,TrackAddedToPlaylist,35,8313,502761,2025-05-11 05:40:18
362095,TrackAddedToPlaylist,73,5516,619075,2025-05-08 08:48:26
362096,TrackAddedToPlaylist,5,7861,169070,2025-05-09 22:57:30
362097,TrackAddedToPlaylist,80,5148,796122,2025-05-03 04:34:40
362098,TrackAddedToPlaylist,7,9028,964952,2025-05-19 02:36:46
362099,TrackAddedToPlaylist,4,9440,919004,2025-05-12 07:30:35
362100,TrackAddedToPlaylist,68,6412,588373,2025-05-17 19:52:32
362101,TrackAddedToPlaylist,89,2917,460516,2025-05-31 15:27:32
362102,TrackAddedToPlaylist,87,2774,517793,2025-06-01 09:20:40
362103,TrackAddedToPlaylist,21,3570,460516,2025-05-30 07:09:43
362104,TrackAddedToPlaylist,1,2992,236487,2025-05-07 14:01:59
362105,TrackAddedToPlaylist,47,8475,342789,2025-05-29 03:29:20
362106,TrackAddedToPlaylist,36,4906,620055,2025-05-21 22:55:39
362107,TrackAddedToPlaylist,77,3929,135489,2025-05-12 16:16:44
362108,TrackAddedToPlaylist,72,7861,698803,2025-05-20 13:38:59
362109,TrackAddedToPlaylist,88,3961,895814,2025-05-06 06:43:10
362110,TrackAddedToPlaylist,35,3570,882626,2025-05-29 09:53:55
362111,TrackAddedToPlaylist,4,8833,109532,2025-05-23 05:45:34
362112,TrackAddedToPlaylist,53,4115,492763,2025-05-03 16:47:47
362113,TrackAddedToPlaylist,64,1216,777384,2025-05-04 11:20:26
362114,TrackAddedToPlaylist,24,7803,640940,2025-05-07 18:27:06
362115,TrackAddedToPlaylist,10,9964,859118,2025-05-25 11:20:42
362116,TrackAddedToPlaylist,98,9976,814787,2025-05-17 01:26:06
362117,TrackAddedToPlaylist,62,7110,725443,2025-05-18 08:07:28
362118,TrackAddedToPlaylist,21,3806,497034,2025-05-09 13:35:50
362119,TrackAddedToPlaylist,48,1216,857996,2025-05-12 18:54:48
362120,TrackAddedToPlaylist,62,7876,553318,2025-05-28 02:19:04
362121,TrackAddedToPlaylist,60,2014,649553,2025-05-11 10:13:32
362122,TrackAddedToPlaylist,55,9976,411605,2025-05-12 18:37:05
362123,TrackAddedToPlaylist,37,9028,506308,2025-05-19 08:38:32
362124,TrackAddedToPlaylist,32,1200,740953,2025-06-01 15:08:01
362125,TrackAddedToPlaylist,69,4046,863664,2025-05-29 20:55:02
362126,TrackAddedToPlaylist,34,1464,673766,2025-05-29 12:03:47
362127,TrackAddedToPlaylist,69,2692,116494,2025-05-04 17:10:42
362128,TrackAddedToPlaylist,26,1463,908851,2025-05-05 07:08:27
362129,TrackAddedToPlaylist,53,5516,892807,2025-05-06 07:02:51
362130,TrackAddedToPlaylist,18,4341,619075,2025-05-21 13:05:32
362131,TrackAddedToPlaylist,16,4120,696123,2025-05-06 10:54:36
362132,TrackAddedToPlaylist,49,7671,881707,2025-05-16 02:28:01
362133,TrackAddedToPlaylist,40,9714,169070,2025-05-15 20:05:12
362134,TrackAddedToPlaylist,87,5711,901567,2025-05-15 09:25:08
362135,TrackAddedToPlaylist,73,8613,437375,2025-05-25 02:34:50
362136,TrackAddedToPlaylist,9,3130,619075,2025-05-22 22:25:03
362137,TrackAddedToPlaylist,27,8895,244390,2025-05-21 00:21:22
362138,TrackAddedToPlaylist,92,9366,339877,2025-05-15 15:04:44
362139,TrackAddedToPlaylist,54,1332,743091,2025-05-24 01:14:57
362140,TrackAddedToPlaylist,19,7844,222578,2025-05-19 01:52:26
362141,TrackAddedToPlaylist,68,1198,981779,2025-05-10 12:00:11
362142,TrackAddedToPlaylist,42,9632,624612,2025-05-23 17:49:05
362143,TrackAddedToPlaylist,25,7077,526211,2025-05-03 17:50:37
362144,TrackAddedToPlaylist,51,1252,774941,2025-05-10 19:51:18
362145,TrackAddedToPlaylist,17,5966,908851,2025-05-21 05:35:18
362146,TrackAddedToPlaylist,1,2988,690530,2025-05-24 06:01:20
362147,TrackAddedToPlaylist,12,2692,693899,2025-05-18 01:43:27
362148,TrackAddedToPlaylist,70,5130,802834,2025-05-11 22:13:10
362149,TrackAddedToPlaylist,84,2996,786550,2025-05-30 02:41:07
362150,TrackAddedToPlaylist,58,7359,994080,2025-05-23 15:37:01
362151,TrackAddedToPlaylist,51,3806,426002,2025-05-24 22:31:11
362152,TrackAddedToPlaylist,97,9440,534948,2025-05-27 23:00:48
362153,TrackAddedToPlaylist,24,3961,678838,2025-05-30 11:29:19
362154,TrackAddedToPlaylist,8,6159,538139,2025-05-17 08:09:41
362155,TrackAddedToPlaylist,90,4906,421423,2025-05-16 16:40:03
362156,TrackAddedToPlaylist,46,4341,525703,2025-06-01 08:25:04
362157,TrackAddedToPlaylist,46,4906,344736,2025-05-11 18:05:48
362158,TrackAddedToPlaylist,80,6340,652907,2025-05-19 03:07:12
362159,TrackAddedToPlaylist,65,6159,940207,2025-05-23 10:10:49
362160,TrackAddedToPlaylist,64,7487,290957,2025-05-10 13:21:47
362161,TrackAddedToPlaylist,76,7115,437089,2025-05-29 15:38:21
362162,TrackAddedToPlaylist,39,3572,101795,2025-05-20 19:21:09
362163,TrackAddedToPlaylist,67,6973,696123,2025-05-30 11:29:05
362164,TrackAddedToPlaylist,88,4554,909551,2025-05-19 14:17:17
362165,TrackAddedToPlaylist,85,2581,980696,2025-05-26 03:27:22
362166,TrackAddedToPlaylist,46,8182,849245,2025-05-28 05:21:09
362167,TrackAddedToPlaylist,56,7296,135489,2025-05-17 01:53:46
362168,TrackAddedToPlaylist,78,6264,391918,2025-05-10 18:25:09
362169,TrackAddedToPlaylist,97,4292,665640,2025-05-12 05:27:53
362170,TrackAddedToPlaylist,41,5859,971977,2025-05-08 23:43:39
362171,TrackAddedToPlaylist,90,8055,101795,2025-05-25 20:45:07
362172,TrackAddedToPlaylist,14,5296,327039,2025-06-01 04:27:00
362173,TrackAddedToPlaylist,54,9964,135561,2025-05-09 21:54:32
362174,TrackAddedToPlaylist,46,7296,754574,2025-05-18 07:45:44
362175,TrackAddedToPlaylist,11,3948,741105,2025-05-27 11:56:30
362176,TrackAddedToPlaylist,40,5493,771201,2025-05-18 11:56:47
362177,TrackAddedToPlaylist,46,9722,104706,2025-06-01 14:49:03
362178,TrackAddedToPlaylist,37,1872,754080,2025-05-11 15:06:37
362179,TrackAddedToPlaylist,65,1818,723736,2025-05-08 03:18:40
362180,TrackAddedToPlaylist,41,8313,593898,2025-05-27 09:27:28
362181,TrackAddedToPlaylist,49,2692,236899,2025-05-13 11:52:12
362182,TrackAddedToPlaylist,7,6174,619899,2025-05-19 07:12:51
362183,TrackAddedToPlaylist,70,5148,696123,2025-05-17 09:07:27
362184,TrackAddedToPlaylist,100,3570,738368,2025-05-27 22:17:17
362185,TrackAddedToPlaylist,74,7610,901027,2025-05-16 00:22:16
362186,TrackAddedToPlaylist,49,8389,975369,2025-05-08 19:35:31
362187,TrackAddedToPlaylist,77,4321,964466,2025-05-09 11:18:19
362188,TrackAddedToPlaylist,5,3354,230460,2025-05-19 22:54:54
362189,TrackAddedToPlaylist,68,2319,272250,2025-05-19 02:39:35
362190,TrackAddedToPlaylist,64,7487,591399,2025-05-05 23:01:47
362191,TrackAddedToPlaylist,95,3130,684234,2025-05-19 15:56:51
362192,TrackAddedToPlaylist,50,1742,743091,2025-05-29 16:18:33
362193,TrackAddedToPlaylist,86,4341,989881,2025-05-08 09:48:23
362194,TrackAddedToPlaylist,51,1464,244390,2025-05-04 23:03:51
362195,TrackAddedToPlaylist,34,1955,786550,2025-05-22 12:14:21
362196,TrackAddedToPlaylist,81,2692,316803,2025-05-18 18:01:10
362197,TrackAddedToPlaylist,30,7253,677171,2025-05-26 15:32:23
362198,TrackAddedToPlaylist,36,2992,917677,2025-05-17 16:15:44
362199,TrackAddedToPlaylist,3,3134,936369,2025-05-28 11:44:56
362200,TrackAddedToPlaylist,10,8475,191842,2025-05-14 05:23:52
362201,TrackAddedToPlaylist,54,5197,359229,2025-05-21 12:36:15
362202,TrackAddedToPlaylist,68,8055,892807,2025-05-10 19:46:28
362203,TrackAddedToPlaylist,21,6055,989881,2025-05-12 18:18:36
362204,TrackAddedToPlaylist,50,3532,543382,2025-05-10 02:06:53
362205,TrackAddedToPlaylist,7,5551,849245,2025-05-09 19:22:43
362206,TrackAddedToPlaylist,98,8920,774212,2025-05-06 05:41:50
362207,TrackAddedToPlaylist,68,1432,684389,2025-05-26 16:46:30
362208,TrackAddedToPlaylist,9,9964,766651,2025-05-27 01:55:57
362209,TrackAddedToPlaylist,18,1164,252793,2025-05-19 21:40:02
362210,TrackAddedToPlaylist,7,7359,598717,2025-05-25 04:18:04
362211,TrackAddedToPlaylist,36,3532,407542,2025-05-20 08:02:17
362212,TrackAddedToPlaylist,1,2203,577183,2025-05-19 03:24:58
362213,TrackAddedToPlaylist,44,1536,975643,2025-05-11 17:52:11
362214,TrackAddedToPlaylist,3,9028,348913,2025-05-08 11:24:51
362215,TrackAddedToPlaylist,12,3136,971977,2025-05-25 19:27:05
362216,TrackAddedToPlaylist,17,4341,358147,2025-05-10 12:35:45
362217,TrackAddedToPlaylist,20,1464,418296,2025-05-08 07:23:52
362218,TrackAddedToPlaylist,82,6188,698803,2025-05-25 15:45:47
362219,TrackAddedToPlaylist,98,7115,268844,2025-05-27 01:30:24
362220,TrackAddedToPlaylist,61,1200,846604,2025-05-31 19:15:00
362221,TrackAddedToPlaylist,30,5809,230460,2025-05-15 17:13:03
362222,TrackAddedToPlaylist,48,9558,102560,2025-05-11 13:05:44
362223,TrackAddedToPlaylist,100,9610,415915,2025-05-04 18:46:19
362224,TrackAddedToPlaylist,23,3354,235605,2025-05-07 21:52:34
362225,TrackAddedToPlaylist,51,4292,719133,2025-05-21 18:13:46
362226,TrackAddedToPlaylist,84,8562,358147,2025-05-13 05:28:14
362227,TrackAddedToPlaylist,55,5679,862100,2025-05-23 10:05:28
362228,TrackAddedToPlaylist,21,8856,642365,2025-05-14 13:21:45
362229,TrackAddedToPlaylist,4,8895,795441,2025-05-17 11:38:12
362230,TrackAddedToPlaylist,100,3399,399546,2025-05-18 01:31:13
362231,TrackAddedToPlaylist,2,3563,376353,2025-05-16 23:18:18
362232,TrackAddedToPlaylist,100,3787,901027,2025-05-21 17:19:23
362233,TrackAddedToPlaylist,99,1200,343785,2025-05-25 00:33:16
362234,TrackAddedToPlaylist,92,5843,723736,2025-05-11 12:32:52
362235,TrackAddedToPlaylist,18,1164,792977,2025-05-15 16:54:05
362236,TrackAddedToPlaylist,19,4321,906793,2025-05-08 13:39:22
362237,TrackAddedToPlaylist,54,6400,405458,2025-05-07 19:03:49
362238,TrackAddedToPlaylist,45,8920,717532,2025-05-15 20:56:39
362239,TrackAddedToPlaylist,23,8853,408517,2025-05-11 13:27:11
362240,TrackAddedToPlaylist,16,7110,964952,2025-05-22 20:27:34
362241,TrackAddedToPlaylist,81,3102,897158,2025-05-09 01:34:19
362242,TrackAddedToPlaylist,6,4292,460244,2025-05-12 16:03:15
362243,TrackAddedToPlaylist,35,1184,327050,2025-05-11 05:30:14
362244,TrackAddedToPlaylist,86,1332,535180,2025-05-18 02:43:51
362245,TrackAddedToPlaylist,95,6735,481230,2025-05-16 14:20:56
362246,TrackAddedToPlaylist,54,7253,770309,2025-05-19 08:53:29
362247,TrackAddedToPlaylist,89,6956,135561,2025-05-15 23:36:58
362248,TrackAddedToPlaylist,96,1198,785853,2025-05-06 03:56:52
362249,TrackAddedToPlaylist,99,5493,628325,2025-05-19 20:38:46
362250,TrackAddedToPlaylist,83,1184,104706,2025-05-14 06:40:13
362251,TrackAddedToPlaylist,58,2774,688653,2025-05-25 05:09:23
362252,TrackAddedToPlaylist,18,1190,874100,2025-05-17 09:21:03
362253,TrackAddedToPlaylist,43,4120,738368,2025-05-27 21:49:27
362254,TrackAddedToPlaylist,42,1846,691424,2025-05-17 09:49:45
362255,TrackAddedToPlaylist,83,9558,411605,2025-05-09 08:02:05
362256,TrackAddedToPlaylist,6,5148,600437,2025-05-03 15:10:43
362257,TrackAddedToPlaylist,3,2877,786550,2025-05-13 12:39:58
362258,TrackAddedToPlaylist,15,2319,612358,2025-05-29 23:09:19
362259,TrackAddedToPlaylist,23,1464,538139,2025-05-10 22:40:52
362260,TrackAddedToPlaylist,34,7799,674240,2025-05-16 21:07:04
362261,TrackAddedToPlaylist,44,6400,503819,2025-05-14 19:46:26
362262,TrackAddedToPlaylist,72,4423,684389,2025-06-01 08:02:13
362263,TrackAddedToPlaylist,7,8833,665640,2025-05-22 15:49:56
362264,TrackAddedToPlaylist,33,7844,754574,2025-05-05 01:28:48
362265,TrackAddedToPlaylist,48,2319,691494,2025-05-30 01:06:08
362266,TrackAddedToPlaylist,79,5444,624612,2025-05-05 19:40:28
362267,TrackAddedToPlaylist,75,4341,223949,2025-05-23 03:55:21
362268,TrackAddedToPlaylist,48,4115,127854,2025-06-01 21:31:00
362269,TrackAddedToPlaylist,70,5551,359229,2025-05-28 13:35:49
362270,TrackAddedToPlaylist,41,3134,988883,2025-05-20 17:52:28
362271,TrackAddedToPlaylist,32,1198,814787,2025-05-12 01:02:00
362272,TrackAddedToPlaylist,13,3532,760116,2025-05-10 00:34:25
362273,TrackAddedToPlaylist,4,9936,593898,2025-05-10 05:25:06
362274,TrackAddedToPlaylist,94,2581,215177,2025-05-30 12:47:24
362275,TrackAddedToPlaylist,9,2520,236899,2025-05-24 06:52:11
362276,TrackAddedToPlaylist,84,5859,553157,2025-05-20 09:20:39
362277,TrackAddedToPlaylist,85,7844,855000,2025-05-08 15:38:55
362278,TrackAddedToPlaylist,47,5130,418296,2025-05-06 10:47:35
362279,TrackAddedToPlaylist,77,2203,215177,2025-05-18 10:30:28
362280,TrackAddedToPlaylist,31,5966,217706,2025-05-08 16:38:16
362281,TrackAddedToPlaylist,87,2260,178494,2025-05-20 02:25:06
362282,TrackAddedToPlaylist,10,6861,721013,2025-05-31 17:14:46
362283,TrackAddedToPlaylist,29,6755,914706,2025-05-25 18:58:23
362284,TrackAddedToPlaylist,12,8856,535454,2025-06-01 14:35:25
362285,TrackAddedToPlaylist,77,2714,145124,2025-05-11 16:21:06
362286,TrackAddedToPlaylist,58,6861,191842,2025-05-08 22:32:44
362287,TrackAddedToPlaylist,55,1846,391918,2025-05-10 19:04:20
362288,TrackAddedToPlaylist,32,4554,481193,2025-05-30 10:23:08
362289,TrackAddedToPlaylist,16,4087,994080,2025-05-21 00:11:10
362290,TrackAddedToPlaylist,49,6340,421423,2025-05-20 16:56:51
362291,TrackAddedToPlaylist,63,5966,600437,2025-05-16 00:46:24
362292,TrackAddedToPlaylist,52,8833,777384,2025-05-30 19:25:35
362293,TrackAddedToPlaylist,43,6412,659860,2025-05-15 01:47:40
362294,TrackAddedToPlaylist,37,6735,593898,2025-05-11 20:31:20
362295,TrackAddedToPlaylist,53,1422,198641,2025-05-22 06:05:40
362296,TrackAddedToPlaylist,12,7115,774941,2025-05-24 04:42:54
362297,TrackAddedToPlaylist,2,2753,188270,2025-05-10 01:34:52
362298,TrackAddedToPlaylist,51,7848,810735,2025-05-26 13:45:04
362299,TrackAddedToPlaylist,96,8856,572209,2025-05-04 07:31:39
362300,TrackAddedToPlaylist,35,5953,530039,2025-05-05 08:05:21
362301,TrackAddedToPlaylist,87,7487,567044,2025-05-10 02:40:58
362302,TrackAddedToPlaylist,30,8613,104706,2025-05-14 05:32:23
362303,TrackAddedToPlaylist,14,7848,268844,2025-05-06 10:23:03
362304,TrackAddedToPlaylist,61,4219,401589,2025-05-26 10:34:11
362305,TrackAddedToPlaylist,66,1872,535250,2025-05-19 06:41:36
362306,TrackAddedToPlaylist,69,3134,580999,2025-05-23 03:02:15
362307,TrackAddedToPlaylist,67,6359,994080,2025-05-09 14:40:32
362308,TrackAddedToPlaylist,45,4458,547742,2025-05-05 02:07:49
362309,TrackAddedToPlaylist,7,5844,327039,2025-05-07 01:08:01
362310,TrackAddedToPlaylist,43,5130,870858,2025-05-27 02:11:54
362311,TrackAddedToPlaylist,83,6010,347820,2025-06-01 06:02:22
362312,TrackAddedToPlaylist,42,2439,169070,2025-05-06 00:00:02
362313,TrackAddedToPlaylist,98,1846,170813,2025-05-03 19:48:33
362314,TrackAddedToPlaylist,22,2692,134418,2025-05-22 23:58:14
362315,TrackAddedToPlaylist,28,9936,988883,2025-05-09 07:18:07
362316,TrackAddedToPlaylist,90,6755,135489,2025-05-24 23:43:05
362317,TrackAddedToPlaylist,66,1198,897371,2025-05-29 07:32:16
362318,TrackAddedToPlaylist,44,2027,744491,2025-05-15 07:42:35
362319,TrackAddedToPlaylist,94,2692,846604,2025-05-03 04:17:34
362320,TrackAddedToPlaylist,39,2014,874100,2025-05-30 23:21:33
362321,TrackAddedToPlaylist,25,8233,101101,2025-05-04 07:32:48
362322,TrackAddedToPlaylist,93,2877,526211,2025-05-27 09:40:29
362323,TrackAddedToPlaylist,35,1727,244390,2025-05-07 04:02:02
362324,TrackAddedToPlaylist,15,3130,565238,2025-05-28 08:11:23
362325,TrackAddedToPlaylist,79,5356,223949,2025-05-29 10:39:45
362326,TrackAddedToPlaylist,70,2737,923364,2025-05-11 04:01:16
362327,TrackAddedToPlaylist,93,5148,994506,2025-05-17 13:26:09
362328,TrackAddedToPlaylist,31,7876,287408,2025-05-10 13:37:45
362329,TrackAddedToPlaylist,55,4828,814787,2025-06-01 15:33:20
362330,TrackAddedToPlaylist,43,3539,249411,2025-05-03 12:50:56
362331,TrackAddedToPlaylist,60,1266,600437,2025-05-23 21:25:38
362332,TrackAddedToPlaylist,2,9192,870227,2025-05-27 19:24:56
362333,TrackAddedToPlaylist,1,5493,859134,2025-05-11 01:24:01
362334,TrackAddedToPlaylist,20,8219,190583,2025-05-21 08:51:36
362335,TrackAddedToPlaylist,17,6174,290447,2025-05-28 07:17:39
362336,TrackAddedToPlaylist,48,4341,830486,2025-05-20 09:44:17
362337,TrackAddedToPlaylist,30,4321,479252,2025-05-04 01:46:11
362338,TrackAddedToPlaylist,77,6270,407542,2025-05-22 18:32:29
362339,TrackAddedToPlaylist,96,7671,870858,2025-05-05 01:14:55
362340,TrackAddedToPlaylist,33,3806,399546,2025-05-20 22:44:25
362341,TrackAddedToPlaylist,63,3961,532159,2025-05-08 23:58:41
362342,TrackAddedToPlaylist,92,6836,511824,2025-05-24 14:00:56
362343,TrackAddedToPlaylist,18,4120,820142,2025-05-27 16:17:35
362344,TrackAddedToPlaylist,74,3539,848254,2025-05-12 02:21:40
362345,TrackAddedToPlaylist,16,3792,724140,2025-05-20 01:38:47
362346,TrackAddedToPlaylist,89,9097,769827,2025-05-26 12:43:53
362347,TrackAddedToPlaylist,97,2996,302691,2025-05-19 08:08:48
362348,TrackAddedToPlaylist,78,5859,723532,2025-05-04 04:24:33
362349,TrackAddedToPlaylist,66,2692,717532,2025-05-09 05:06:37
362350,TrackAddedToPlaylist,20,7253,955215,2025-05-09 11:52:07
362351,TrackAddedToPlaylist,53,6996,593157,2025-05-19 08:38:53
362352,TrackAddedToPlaylist,48,1422,704134,2025-05-10 08:29:07
362353,TrackAddedToPlaylist,26,8613,287408,2025-05-28 20:20:51
362354,TrackAddedToPlaylist,97,5501,399546,2025-05-13 09:36:32
362355,TrackAddedToPlaylist,21,4189,526211,2025-05-14 06:49:41
362356,TrackAddedToPlaylist,50,3539,901567,2025-05-14 22:45:22
362357,TrackAddedToPlaylist,62,8562,911440,2025-05-25 18:25:15
362358,TrackAddedToPlaylist,81,8313,227821,2025-05-20 17:00:22
362359,TrackAddedToPlaylist,82,5130,967964,2025-05-20 22:59:25
362360,TrackAddedToPlaylist,31,2203,628325,2025-05-18 02:46:27
362361,TrackAddedToPlaylist,78,2753,851212,2025-05-19 23:22:27
362362,TrackAddedToPlaylist,3,2301,355257,2025-05-25 06:11:38
362363,TrackAddedToPlaylist,36,1198,112782,2025-05-26 07:55:47
362364,TrackAddedToPlaylist,86,9366,862100,2025-05-17 17:56:39
362365,TrackAddedToPlaylist,51,6174,391918,2025-05-15 14:15:25
362366,TrackAddedToPlaylist,64,8475,344736,2025-05-19 21:48:33
362367,TrackAddedToPlaylist,45,2301,744491,2025-05-10 20:13:59
362368,TrackAddedToPlaylist,86,5148,222578,2025-05-15 21:46:07
362369,TrackAddedToPlaylist,45,2581,983892,2025-05-08 00:23:38
362370,TrackAddedToPlaylist,37,4782,567044,2025-05-18 19:42:44
362371,TrackAddedToPlaylist,6,4844,938635,2025-05-09 01:49:17
362372,TrackAddedToPlaylist,78,1375,113471,2025-05-04 17:13:38
362373,TrackAddedToPlaylist,63,2601,318050,2025-05-29 03:49:10
362374,TrackAddedToPlaylist,5,6340,135489,2025-05-29 10:22:15
362375,TrackAddedToPlaylist,63,6340,348424,2025-05-27 19:26:30
362376,TrackAddedToPlaylist,54,9187,919004,2025-05-31 09:01:23
362377,TrackAddedToPlaylist,75,4458,882626,2025-05-12 11:07:54
362378,TrackAddedToPlaylist,58,9306,754080,2025-05-04 05:45:15
362379,TrackAddedToPlaylist,66,5625,846417,2025-05-23 22:28:48
362380,TrackAddedToPlaylist,38,8562,861511,2025-05-21 20:45:04
362381,TrackAddedToPlaylist,70,5296,744491,2025-05-27 01:25:34
362382,TrackAddedToPlaylist,66,7487,564782,2025-05-14 12:27:23
362383,TrackAddedToPlaylist,42,8475,937071,2025-05-18 14:07:27
362384,TrackAddedToPlaylist,98,7799,438910,2025-05-19 14:50:25
362385,TrackAddedToPlaylist,36,4120,866068,2025-05-19 23:02:41
362386,TrackAddedToPlaylist,27,3130,567044,2025-05-23 18:46:38
362387,TrackAddedToPlaylist,64,7359,552937,2025-05-14 04:50:42
362388,TrackAddedToPlaylist,12,3792,472606,2025-05-03 21:19:49
362389,TrackAddedToPlaylist,95,7919,498120,2025-05-28 06:36:02
362390,TrackAddedToPlaylist,26,9308,909551,2025-05-04 12:32:52
362391,TrackAddedToPlaylist,57,2520,821017,2025-05-31 21:22:23
362392,TrackAddedToPlaylist,78,2996,535180,2025-05-11 07:02:27
362393,TrackAddedToPlaylist,64,2774,184496,2025-06-01 05:49:41
362394,TrackAddedToPlaylist,60,8510,821017,2025-05-13 23:23:09
362395,TrackAddedToPlaylist,66,6735,330816,2025-05-23 05:47:26
362396,TrackAddedToPlaylist,99,7110,827219,2025-05-11 00:18:53
362397,TrackAddedToPlaylist,90,6917,104706,2025-05-25 12:08:01
362398,TrackAddedToPlaylist,12,5859,399675,2025-05-03 07:33:09
362399,TrackAddedToPlaylist,97,1432,188270,2025-05-03 04:32:11
362400,TrackAddedToPlaylist,11,2301,911440,2025-05-16 05:32:55
362401,TrackAddedToPlaylist,72,5966,675554,2025-05-18 11:43:19
362402,TrackAddedToPlaylist,40,7359,191221,2025-05-18 05:25:07
362403,TrackAddedToPlaylist,70,9028,377321,2025-05-23 00:00:37
362404,TrackAddedToPlaylist,49,6861,148185,2025-05-11 14:58:33
362405,TrackAddedToPlaylist,39,4378,514043,2025-05-03 15:37:58
362406,TrackAddedToPlaylist,53,5444,733202,2025-05-09 08:27:06
362407,TrackAddedToPlaylist,37,6996,691654,2025-05-12 09:22:13
362408,TrackAddedToPlaylist,11,8856,435795,2025-05-26 14:44:54
362409,TrackAddedToPlaylist,72,1895,550980,2025-05-29 12:09:42
362410,TrackAddedToPlaylist,29,6755,802834,2025-05-22 18:51:55
362411,TrackAddedToPlaylist,70,1715,227821,2025-05-27 22:27:04
362412,TrackAddedToPlaylist,64,2319,769827,2025-05-25 20:32:25
362413,TrackAddedToPlaylist,12,1184,756546,2025-05-27 07:28:59
362414,TrackAddedToPlaylist,46,1715,105837,2025-05-20 01:57:21
362415,TrackAddedToPlaylist,37,8881,913850,2025-05-21 04:20:31
362416,TrackAddedToPlaylist,37,8475,697302,2025-05-18 11:23:14
362417,TrackAddedToPlaylist,30,5843,632215,2025-05-05 21:15:35
362418,TrackAddedToPlaylist,56,3539,955215,2025-05-14 01:09:43
362419,TrackAddedToPlaylist,50,4844,604167,2025-05-19 11:04:01
362420,TrackAddedToPlaylist,84,2831,812044,2025-05-08 06:05:10
362421,TrackAddedToPlaylist,10,5516,381274,2025-05-31 00:02:23
362422,TrackAddedToPlaylist,85,9523,101795,2025-05-08 04:27:18
362423,TrackAddedToPlaylist,95,2260,344736,2025-05-26 21:12:17
362424,TrackAddedToPlaylist,20,2439,746222,2025-05-06 16:39:31
362425,TrackAddedToPlaylist,85,4844,754574,2025-05-22 02:45:29
362426,TrackAddedToPlaylist,47,1033,723736,2025-05-12 15:28:33
362427,TrackAddedToPlaylist,67,5154,202291,2025-05-22 07:25:36
362428,TrackAddedToPlaylist,54,6996,251182,2025-05-23 07:14:07
362429,TrackAddedToPlaylist,44,2562,481193,2025-05-27 03:31:52
362430,TrackAddedToPlaylist,2,7789,391918,2025-05-13 11:17:58
362431,TrackAddedToPlaylist,25,8613,655636,2025-05-13 19:26:23
362432,TrackAddedToPlaylist,40,1190,506308,2025-05-31 21:10:04
362433,TrackAddedToPlaylist,63,4423,846417,2025-06-01 17:16:11
362434,TrackAddedToPlaylist,19,1464,895814,2025-05-26 06:12:57
362435,TrackAddedToPlaylist,64,1216,535250,2025-05-03 14:06:29
362436,TrackAddedToPlaylist,53,8104,538481,2025-05-31 23:15:36
362437,TrackAddedToPlaylist,3,3572,861759,2025-05-20 16:17:52
362438,TrackAddedToPlaylist,66,4115,936369,2025-05-15 10:38:59
362439,TrackAddedToPlaylist,38,1184,951186,2025-05-11 03:50:30
362440,TrackAddedToPlaylist,29,2258,766651,2025-05-24 19:34:42
362441,TrackAddedToPlaylist,26,2992,482106,2025-05-24 02:25:30
362442,TrackAddedToPlaylist,16,2692,819549,2025-05-26 01:01:30
362443,TrackAddedToPlaylist,79,4292,102560,2025-05-08 03:26:24
362444,TrackAddedToPlaylist,14,3787,777384,2025-05-29 01:47:25
362445,TrackAddedToPlaylist,12,5551,121106,2025-05-30 00:15:01
362446,TrackAddedToPlaylist,9,6630,132469,2025-05-23 17:58:26
362447,TrackAddedToPlaylist,83,7253,439406,2025-05-09 20:15:56
362448,TrackAddedToPlaylist,88,9964,481193,2025-05-09 07:55:05
362449,TrackAddedToPlaylist,88,2601,552418,2025-05-31 11:37:20
362450,TrackAddedToPlaylist,28,3563,695286,2025-05-27 22:37:26
362451,TrackAddedToPlaylist,46,8920,861511,2025-05-20 19:05:14
362452,TrackAddedToPlaylist,91,5679,339877,2025-05-11 06:55:56
362453,TrackAddedToPlaylist,90,1266,502761,2025-05-19 09:03:33
362454,TrackAddedToPlaylist,8,7610,411605,2025-05-14 00:37:20
362455,TrackAddedToPlaylist,73,9964,206707,2025-05-24 23:30:22
362456,TrackAddedToPlaylist,76,6630,741105,2025-05-10 15:03:52
362457,TrackAddedToPlaylist,59,5356,364652,2025-05-10 04:05:21
362458,TrackAddedToPlaylist,28,8475,497026,2025-05-22 00:39:14
362459,TrackAddedToPlaylist,74,1464,148185,2025-05-07 00:58:35
362460,TrackAddedToPlaylist,32,5154,316803,2025-05-16 14:24:50
362461,TrackAddedToPlaylist,50,8055,222070,2025-06-01 15:11:29
362462,TrackAddedToPlaylist,26,7803,411605,2025-05-19 02:13:10
362463,TrackAddedToPlaylist,62,6421,814787,2025-05-08 21:38:14
362464,TrackAddedToPlaylist,20,5356,593898,2025-05-08 12:50:06
362465,TrackAddedToPlaylist,83,4844,120256,2025-05-22 06:17:08
362466,TrackAddedToPlaylist,44,3929,190583,2025-05-12 06:32:12
362467,TrackAddedToPlaylist,21,8920,897371,2025-05-09 11:31:09
362468,TrackAddedToPlaylist,57,4782,901027,2025-05-15 12:48:38
362469,TrackAddedToPlaylist,49,7876,337969,2025-05-24 08:27:27
362470,TrackAddedToPlaylist,86,5551,203968,2025-05-22 20:38:49
362471,TrackAddedToPlaylist,79,3136,101101,2025-05-08 16:03:03
362472,TrackAddedToPlaylist,1,7296,983383,2025-05-13 21:17:59
362473,TrackAddedToPlaylist,62,1513,802834,2025-05-05 04:53:42
362474,TrackAddedToPlaylist,15,9558,833183,2025-05-13 02:53:56
362475,TrackAddedToPlaylist,42,4189,268844,2025-05-29 08:02:23
362476,TrackAddedToPlaylist,53,7836,268844,2025-05-18 19:31:23
362477,TrackAddedToPlaylist,83,6010,726367,2025-05-17 17:04:21
362478,TrackAddedToPlaylist,34,6400,148185,2025-05-13 06:44:07
362479,TrackAddedToPlaylist,48,3570,598397,2025-05-29 04:03:34
362480,TrackAddedToPlaylist,72,6861,287408,2025-05-22 08:53:26
362481,TrackAddedToPlaylist,32,6412,628325,2025-05-27 18:12:58
362482,TrackAddedToPlaylist,13,6956,611562,2025-05-12 19:33:04
362483,TrackAddedToPlaylist,45,2692,553416,2025-05-10 08:49:12
362484,TrackAddedToPlaylist,41,9028,191842,2025-05-04 10:25:55
362485,TrackAddedToPlaylist,12,1764,754574,2025-05-24 23:08:46
362486,TrackAddedToPlaylist,56,1742,497894,2025-05-18 19:44:32
362487,TrackAddedToPlaylist,41,6836,150428,2025-05-19 05:39:05
362488,TrackAddedToPlaylist,45,8313,678838,2025-05-21 02:46:19
362489,TrackAddedToPlaylist,44,7803,437375,2025-05-24 23:13:02
362490,TrackAddedToPlaylist,1,6870,969256,2025-05-30 01:52:29
362491,TrackAddedToPlaylist,66,4906,481193,2025-05-12 21:43:29
362492,TrackAddedToPlaylist,10,2027,201421,2025-05-08 11:29:37
362493,TrackAddedToPlaylist,93,3961,827219,2025-05-24 11:46:18
362494,TrackAddedToPlaylist,69,3102,437089,2025-05-18 13:23:11
362495,TrackAddedToPlaylist,14,1895,222070,2025-05-19 01:22:32
362496,TrackAddedToPlaylist,16,7789,169070,2025-05-25 09:32:58
362497,TrackAddedToPlaylist,22,9028,309776,2025-05-28 22:14:16
362498,TrackAddedToPlaylist,77,6755,586039,2025-05-16 10:29:23
362499,TrackAddedToPlaylist,77,3532,713566,2025-05-23 20:11:03
362500,TrackAddedToPlaylist,92,5312,624612,2025-05-10 06:12:20
362501,TrackAddedToPlaylist,38,3539,225805,2025-05-15 16:56:38
362502,TrackAddedToPlaylist,29,7848,625105,2025-05-30 14:12:22
362503,TrackAddedToPlaylist,2,1846,215177,2025-05-28 12:05:02
362504,TrackAddedToPlaylist,2,2260,684234,2025-05-21 04:11:59
362505,TrackAddedToPlaylist,78,6996,145720,2025-05-27 10:26:16
362506,TrackAddedToPlaylist,19,6270,874100,2025-05-31 17:49:21
362507,TrackAddedToPlaylist,26,6270,134479,2025-05-14 18:49:05
362508,TrackAddedToPlaylist,32,5356,152851,2025-05-10 17:57:34
362509,TrackAddedToPlaylist,23,5551,217737,2025-05-13 01:16:13
362510,TrackAddedToPlaylist,1,9809,740953,2025-05-09 15:17:51
362511,TrackAddedToPlaylist,99,1513,674854,2025-05-20 11:37:23
362512,TrackAddedToPlaylist,63,6836,983892,2025-05-09 00:32:08
362513,TrackAddedToPlaylist,48,4321,116494,2025-05-13 18:05:20
362514,TrackAddedToPlaylist,26,1422,960299,2025-05-13 18:26:01
362515,TrackAddedToPlaylist,82,4925,565238,2025-05-22 21:57:52
362516,TrackAddedToPlaylist,45,6836,911827,2025-05-16 23:02:08
362517,TrackAddedToPlaylist,5,3399,186389,2025-05-08 05:48:01
362518,TrackAddedToPlaylist,41,9306,725443,2025-05-09 16:56:14
362519,TrackAddedToPlaylist,8,1920,268844,2025-05-07 22:55:41
362520,TrackAddedToPlaylist,38,2692,466762,2025-05-30 19:45:05
362521,TrackAddedToPlaylist,47,2266,438910,2025-05-22 04:30:17
362522,TrackAddedToPlaylist,4,5953,766651,2025-05-17 23:48:17
362523,TrackAddedToPlaylist,14,2737,535180,2025-05-25 21:40:09
362524,TrackAddedToPlaylist,74,1164,535454,2025-05-10 11:07:41
362525,TrackAddedToPlaylist,98,5843,478639,2025-05-17 17:45:07
362526,TrackAddedToPlaylist,51,8475,854250,2025-05-13 21:10:30
362527,TrackAddedToPlaylist,8,6755,964952,2025-05-14 04:02:04
362528,TrackAddedToPlaylist,86,5966,402198,2025-05-23 04:01:52
362529,TrackAddedToPlaylist,72,7296,225805,2025-05-14 06:08:36
362530,TrackAddedToPlaylist,55,7296,462414,2025-05-19 15:50:59
362531,TrackAddedToPlaylist,5,6055,101795,2025-05-16 01:25:45
362532,TrackAddedToPlaylist,47,6188,723736,2025-05-31 07:56:42
362533,TrackAddedToPlaylist,37,1715,188270,2025-05-18 03:09:24
362534,TrackAddedToPlaylist,93,9558,572209,2025-05-31 20:56:19
362535,TrackAddedToPlaylist,67,2753,821017,2025-05-05 05:15:42
362536,TrackAddedToPlaylist,75,6870,642365,2025-05-12 22:10:52
362537,TrackAddedToPlaylist,14,8881,623431,2025-05-15 03:25:56
362538,TrackAddedToPlaylist,53,8920,321485,2025-05-15 09:29:37
362539,TrackAddedToPlaylist,54,2992,685566,2025-05-27 01:48:38
362540,TrackAddedToPlaylist,59,5516,580999,2025-05-16 23:10:31
362541,TrackAddedToPlaylist,55,1895,988326,2025-05-11 22:25:59
362542,TrackAddedToPlaylist,44,9632,347905,2025-05-03 11:35:21
362543,TrackAddedToPlaylist,1,2266,412515,2025-05-19 06:33:15
362544,TrackAddedToPlaylist,12,1846,859134,2025-05-08 15:36:23
362545,TrackAddedToPlaylist,16,1764,994080,2025-05-27 23:43:18
362546,TrackAddedToPlaylist,60,3136,538139,2025-05-31 04:12:29
362547,TrackAddedToPlaylist,41,3102,145720,2025-05-19 19:46:44
362548,TrackAddedToPlaylist,63,5679,797259,2025-05-31 15:37:06
362549,TrackAddedToPlaylist,92,6755,184496,2025-05-26 17:37:58
362550,TrackAddedToPlaylist,21,9523,591399,2025-06-01 22:11:19
362551,TrackAddedToPlaylist,81,6270,324002,2025-05-15 17:51:33
362552,TrackAddedToPlaylist,50,6735,588373,2025-05-05 19:20:11
362553,TrackAddedToPlaylist,35,7876,684234,2025-05-18 01:53:54
362554,TrackAddedToPlaylist,11,1198,272250,2025-05-23 17:31:42
362555,TrackAddedToPlaylist,63,5130,445167,2025-05-09 18:09:11
362556,TrackAddedToPlaylist,75,4634,580999,2025-05-14 11:10:58
362557,TrackAddedToPlaylist,91,6055,951186,2025-05-27 13:53:07
362558,TrackAddedToPlaylist,58,2319,635805,2025-05-15 01:48:19
362559,TrackAddedToPlaylist,1,8389,635805,2025-05-05 20:33:42
362560,TrackAddedToPlaylist,74,7876,482106,2025-05-23 05:35:50
362561,TrackAddedToPlaylist,69,2336,320439,2025-05-22 18:43:20
362562,TrackAddedToPlaylist,80,2319,640940,2025-05-26 13:18:16
362563,TrackAddedToPlaylist,88,4844,983892,2025-05-06 03:12:03
362564,TrackAddedToPlaylist,1,8510,665640,2025-05-21 10:03:43
362565,TrackAddedToPlaylist,100,2260,400857,2025-05-16 02:52:07
362566,TrackAddedToPlaylist,68,6421,679962,2025-05-26 13:39:28
362567,TrackAddedToPlaylist,82,2562,846417,2025-05-24 02:59:52
362568,TrackAddedToPlaylist,71,4120,120256,2025-05-21 18:56:01
362569,TrackAddedToPlaylist,35,6735,763065,2025-05-08 14:40:20
362570,TrackAddedToPlaylist,9,5809,944983,2025-06-01 02:28:58
362571,TrackAddedToPlaylist,60,9028,825668,2025-05-14 22:30:01
362572,TrackAddedToPlaylist,26,6630,882626,2025-05-16 05:47:37
362573,TrackAddedToPlaylist,31,6996,542990,2025-05-30 05:39:33
362574,TrackAddedToPlaylist,71,3136,506308,2025-05-23 11:58:39
362575,TrackAddedToPlaylist,96,5493,382916,2025-05-21 16:30:35
362576,TrackAddedToPlaylist,50,6092,460516,2025-05-18 07:36:48
362577,TrackAddedToPlaylist,27,9306,897158,2025-05-25 12:22:14
362578,TrackAddedToPlaylist,23,9809,225805,2025-05-26 09:15:48
362579,TrackAddedToPlaylist,100,5809,119272,2025-05-20 05:16:47
362580,TrackAddedToPlaylist,81,3895,800619,2025-05-04 08:15:25
362581,TrackAddedToPlaylist,42,1846,938635,2025-05-20 16:23:17
362582,TrackAddedToPlaylist,50,5551,577183,2025-05-14 15:44:27
362583,TrackAddedToPlaylist,97,5493,960299,2025-05-23 01:14:18
362584,TrackAddedToPlaylist,70,5625,691654,2025-05-17 13:53:58
362585,TrackAddedToPlaylist,32,2319,191842,2025-05-18 00:54:07
362586,TrackAddedToPlaylist,97,3136,252793,2025-05-10 05:21:58
362587,TrackAddedToPlaylist,84,9187,515008,2025-05-19 21:56:30
362588,TrackAddedToPlaylist,56,1513,243091,2025-05-09 16:43:19
362589,TrackAddedToPlaylist,12,9455,101481,2025-05-19 14:50:07
362590,TrackAddedToPlaylist,61,6010,478639,2025-05-16 23:05:00
362591,TrackAddedToPlaylist,84,6836,906793,2025-05-21 13:54:33
362592,TrackAddedToPlaylist,35,1033,213171,2025-05-12 21:39:05
362593,TrackAddedToPlaylist,34,5501,795441,2025-05-26 08:07:49
362594,TrackAddedToPlaylist,92,1846,102560,2025-05-04 19:15:10
362595,TrackAddedToPlaylist,59,9042,863664,2025-05-19 11:40:41
362596,TrackAddedToPlaylist,82,6412,725443,2025-05-23 15:11:39
362597,TrackAddedToPlaylist,42,5843,303028,2025-05-22 21:26:13
362598,TrackAddedToPlaylist,89,2692,451827,2025-05-19 02:19:50
362599,TrackAddedToPlaylist,72,8389,684234,2025-05-10 15:23:57
362600,TrackAddedToPlaylist,61,8613,571476,2025-05-09 08:36:23
362601,TrackAddedToPlaylist,62,8510,743091,2025-05-19 00:16:53
362602,TrackAddedToPlaylist,63,7803,482106,2025-05-30 06:08:09
362603,TrackAddedToPlaylist,37,3929,577183,2025-05-03 04:05:26
362604,TrackAddedToPlaylist,8,6735,134418,2025-05-07 08:21:56
362605,TrackAddedToPlaylist,36,1198,399675,2025-05-27 09:17:39
362606,TrackAddedToPlaylist,74,7844,333742,2025-05-12 04:00:59
362607,TrackAddedToPlaylist,53,6188,343785,2025-05-30 15:37:36
362608,TrackAddedToPlaylist,30,8881,774212,2025-05-30 10:50:02
362609,TrackAddedToPlaylist,81,4439,696644,2025-05-23 04:02:17
362610,TrackAddedToPlaylist,89,3961,415915,2025-05-28 14:40:57
362611,TrackAddedToPlaylist,63,8475,506541,2025-05-04 01:12:04
362612,TrackAddedToPlaylist,78,2260,897371,2025-05-22 06:19:58
362613,TrackAddedToPlaylist,31,3102,742263,2025-05-24 09:05:26
362614,TrackAddedToPlaylist,12,1513,497894,2025-05-04 00:44:03
362615,TrackAddedToPlaylist,67,1200,553157,2025-05-26 19:10:15
362616,TrackAddedToPlaylist,97,6400,381274,2025-05-26 09:52:08
362617,TrackAddedToPlaylist,39,1742,191221,2025-05-04 04:36:50
362618,TrackAddedToPlaylist,81,5844,612358,2025-05-19 01:58:59
362619,TrackAddedToPlaylist,79,3895,975643,2025-05-18 18:00:06
362620,TrackAddedToPlaylist,68,1028,846604,2025-05-29 07:58:44
362621,TrackAddedToPlaylist,36,5966,191221,2025-05-05 07:53:09
362622,TrackAddedToPlaylist,97,6996,193304,2025-05-15 06:39:25
362623,TrackAddedToPlaylist,50,6340,698803,2025-05-23 12:03:11
362624,TrackAddedToPlaylist,35,1727,461669,2025-05-29 13:16:29
362625,TrackAddedToPlaylist,51,1432,916862,2025-05-17 05:49:52
362626,TrackAddedToPlaylist,96,8920,593157,2025-05-28 23:37:01
362627,TrackAddedToPlaylist,63,1764,574784,2025-05-09 06:09:28
362628,TrackAddedToPlaylist,87,9558,655636,2025-05-08 00:05:56
362629,TrackAddedToPlaylist,84,8233,455795,2025-05-07 04:20:15
362630,TrackAddedToPlaylist,66,2831,467693,2025-05-07 18:01:38
362631,TrackAddedToPlaylist,13,8613,462879,2025-05-24 14:35:44
362632,TrackAddedToPlaylist,77,6174,280757,2025-05-12 23:24:54
362633,TrackAddedToPlaylist,92,6630,794423,2025-05-28 01:44:52
362634,TrackAddedToPlaylist,12,3539,406711,2025-05-09 20:55:10
362635,TrackAddedToPlaylist,53,2266,290957,2025-05-20 09:23:20
362636,TrackAddedToPlaylist,87,1033,503819,2025-05-09 09:36:52
362637,TrackAddedToPlaylist,65,1028,535250,2025-05-09 06:43:29
362638,TrackAddedToPlaylist,31,9632,951186,2025-05-31 20:41:23
362639,TrackAddedToPlaylist,24,8081,939897,2025-05-06 12:08:08
362640,TrackAddedToPlaylist,49,2203,185996,2025-05-30 09:09:33
362641,TrackAddedToPlaylist,71,5296,145720,2025-05-23 11:25:56
362642,TrackAddedToPlaylist,68,5516,145720,2025-05-18 05:02:26
362643,TrackAddedToPlaylist,85,5493,618871,2025-05-07 16:39:37
362644,TrackAddedToPlaylist,31,8856,862100,2025-05-31 06:36:18
362645,TrackAddedToPlaylist,15,6412,960299,2025-05-11 01:34:20
362646,TrackAddedToPlaylist,4,1818,719133,2025-05-04 11:18:20
362647,TrackAddedToPlaylist,46,4098,591399,2025-05-29 08:39:22
362648,TrackAddedToPlaylist,87,7848,811451,2025-05-05 20:11:41
362649,TrackAddedToPlaylist,51,1028,980746,2025-05-28 09:50:53
362650,TrackAddedToPlaylist,96,6174,691145,2025-05-24 23:54:59
362651,TrackAddedToPlaylist,28,2917,322770,2025-05-04 07:39:44
362652,TrackAddedToPlaylist,14,6343,745893,2025-05-04 08:35:59
362653,TrackAddedToPlaylist,56,4554,814787,2025-05-10 17:29:44
362654,TrackAddedToPlaylist,54,7077,747978,2025-05-06 00:12:13
362655,TrackAddedToPlaylist,4,7671,477467,2025-05-15 07:02:52
362656,TrackAddedToPlaylist,21,3563,198641,2025-05-18 14:10:33
362657,TrackAddedToPlaylist,54,5809,714441,2025-05-19 03:35:26
362658,TrackAddedToPlaylist,36,1164,980696,2025-06-01 01:51:31
362659,TrackAddedToPlaylist,9,9366,989881,2025-05-08 11:29:23
362660,TrackAddedToPlaylist,98,9306,914706,2025-05-10 22:22:11
362661,TrackAddedToPlaylist,81,8920,426002,2025-05-19 17:15:21
362662,TrackAddedToPlaylist,3,4423,542037,2025-05-19 10:20:57
362663,TrackAddedToPlaylist,83,5966,937071,2025-05-07 16:13:22
362664,TrackAddedToPlaylist,47,8081,407542,2025-05-19 15:33:29
362665,TrackAddedToPlaylist,73,3130,901567,2025-05-26 12:32:17
362666,TrackAddedToPlaylist,5,6188,211861,2025-05-16 09:17:25
362667,TrackAddedToPlaylist,38,9097,825668,2025-05-03 23:35:46
362668,TrackAddedToPlaylist,71,6870,535454,2025-06-01 08:11:16
362669,TrackAddedToPlaylist,81,8895,580999,2025-05-05 22:38:02
362670,TrackAddedToPlaylist,60,9809,774560,2025-05-19 19:29:25
362671,TrackAddedToPlaylist,44,2301,358147,2025-05-25 16:43:49
362672,TrackAddedToPlaylist,54,1033,764463,2025-05-26 14:00:38
362673,TrackAddedToPlaylist,64,9187,994080,2025-05-17 03:52:56
362674,TrackAddedToPlaylist,98,9964,693899,2025-05-12 20:32:41
362675,TrackAddedToPlaylist,28,7296,964952,2025-05-25 06:42:20
362676,TrackAddedToPlaylist,69,6188,975369,2025-05-07 19:41:00
362677,TrackAddedToPlaylist,34,1920,964042,2025-05-09 17:44:59
362678,TrackAddedToPlaylist,11,4844,552937,2025-05-31 00:33:28
362679,TrackAddedToPlaylist,23,9097,604167,2025-05-24 12:23:08
362680,TrackAddedToPlaylist,1,5711,716843,2025-05-30 04:44:20
362681,TrackAddedToPlaylist,70,8881,897158,2025-05-17 22:52:12
362682,TrackAddedToPlaylist,50,5296,225805,2025-05-20 17:50:21
362683,TrackAddedToPlaylist,86,3792,742263,2025-05-20 03:44:01
362684,TrackAddedToPlaylist,41,8389,193474,2025-05-07 11:17:55
362685,TrackAddedToPlaylist,52,1955,821017,2025-05-22 11:49:19
362686,TrackAddedToPlaylist,4,5356,321485,2025-05-13 20:13:56
362687,TrackAddedToPlaylist,23,2562,619075,2025-05-04 13:10:54
362688,TrackAddedToPlaylist,10,8389,309890,2025-05-08 18:58:01
362689,TrackAddedToPlaylist,51,2203,280566,2025-05-05 19:47:13
362690,TrackAddedToPlaylist,62,9632,625105,2025-05-06 00:19:04
362691,TrackAddedToPlaylist,85,5130,678838,2025-05-12 00:55:18
362692,TrackAddedToPlaylist,47,6174,916862,2025-05-16 02:18:46
362693,TrackAddedToPlaylist,73,8233,951186,2025-05-29 08:17:40
362694,TrackAddedToPlaylist,80,3539,553157,2025-05-26 12:49:54
362695,TrackAddedToPlaylist,58,4219,567044,2025-05-25 18:56:37
362696,TrackAddedToPlaylist,33,3563,997444,2025-05-12 20:49:49
362697,TrackAddedToPlaylist,91,6010,923364,2025-05-30 21:41:45
362698,TrackAddedToPlaylist,89,6421,911827,2025-05-14 20:54:29
362699,TrackAddedToPlaylist,92,5859,381274,2025-05-20 13:51:33
362700,TrackAddedToPlaylist,47,2992,547742,2025-05-08 02:15:45
362701,TrackAddedToPlaylist,8,9809,212639,2025-05-17 06:52:53
362702,TrackAddedToPlaylist,52,8104,983383,2025-05-21 15:43:30
362703,TrackAddedToPlaylist,8,4782,861511,2025-05-20 12:03:58
362704,TrackAddedToPlaylist,47,1895,906793,2025-05-18 13:04:22
362705,TrackAddedToPlaylist,78,3710,604167,2025-05-03 07:21:01
362706,TrackAddedToPlaylist,98,8081,190583,2025-05-17 01:01:26
362707,TrackAddedToPlaylist,27,3134,400226,2025-05-28 00:10:13
362708,TrackAddedToPlaylist,6,7077,743091,2025-05-17 10:35:16
362709,TrackAddedToPlaylist,8,4321,298072,2025-05-18 04:17:31
362710,TrackAddedToPlaylist,55,3806,964952,2025-05-20 03:59:36
362711,TrackAddedToPlaylist,23,9097,579022,2025-05-05 01:39:19
362712,TrackAddedToPlaylist,57,6836,552418,2025-05-26 08:15:43
362713,TrackAddedToPlaylist,48,5809,714441,2025-05-22 22:26:12
362714,TrackAddedToPlaylist,32,9308,740953,2025-05-08 06:01:14
362715,TrackAddedToPlaylist,99,1332,723736,2025-05-11 07:30:48
362716,TrackAddedToPlaylist,1,5679,206707,2025-05-04 20:17:40
362717,TrackAddedToPlaylist,41,1184,439406,2025-05-14 15:49:53
362718,TrackAddedToPlaylist,22,7799,744491,2025-05-09 17:59:17
362719,TrackAddedToPlaylist,60,2737,579022,2025-05-09 03:51:51
362720,TrackAddedToPlaylist,4,6264,873057,2025-06-01 22:56:07
362721,TrackAddedToPlaylist,80,6870,268844,2025-05-17 23:12:53
362722,TrackAddedToPlaylist,2,1846,611648,2025-05-04 12:25:03
362723,TrackAddedToPlaylist,29,1872,121106,2025-05-23 11:37:27
362724,TrackAddedToPlaylist,38,2301,394163,2025-05-17 14:20:04
362725,TrackAddedToPlaylist,21,3102,747978,2025-05-05 20:59:16
362726,TrackAddedToPlaylist,82,2917,191842,2025-05-18 08:59:03
362727,TrackAddedToPlaylist,35,4554,330816,2025-05-10 08:59:21
362728,TrackAddedToPlaylist,54,6412,937071,2025-05-16 02:01:24
362729,TrackAddedToPlaylist,51,4925,249411,2025-06-01 00:04:18
362730,TrackAddedToPlaylist,40,5296,565238,2025-05-18 06:25:07
362731,TrackAddedToPlaylist,100,7789,309890,2025-05-14 10:23:56
362732,TrackAddedToPlaylist,30,9632,492763,2025-05-23 19:19:32
362733,TrackAddedToPlaylist,90,2027,913850,2025-05-25 16:00:12
362734,TrackAddedToPlaylist,26,3563,333742,2025-05-07 01:04:57
362735,TrackAddedToPlaylist,72,7253,542990,2025-05-27 16:59:19
362736,TrackAddedToPlaylist,60,4046,134513,2025-05-26 20:26:17
362737,TrackAddedToPlaylist,88,5197,307755,2025-05-23 12:34:24
362738,TrackAddedToPlaylist,78,7115,290447,2025-06-01 18:24:39
362739,TrackAddedToPlaylist,91,1164,899882,2025-05-27 01:31:23
362740,TrackAddedToPlaylist,24,8833,777384,2025-05-14 05:12:03
362741,TrackAddedToPlaylist,40,1332,899072,2025-05-20 19:58:29
362742,TrackAddedToPlaylist,63,2581,113471,2025-05-19 22:38:10
362743,TrackAddedToPlaylist,93,7115,178494,2025-05-30 19:07:09
362744,TrackAddedToPlaylist,30,1164,535180,2025-05-16 02:18:50
362745,TrackAddedToPlaylist,58,7077,415915,2025-05-15 08:17:08
362746,TrackAddedToPlaylist,11,6340,772008,2025-05-12 07:00:02
362747,TrackAddedToPlaylist,33,6735,754080,2025-05-08 19:33:19
362748,TrackAddedToPlaylist,42,9308,214233,2025-05-15 00:13:25
362749,TrackAddedToPlaylist,77,9306,212639,2025-05-20 13:10:18
362750,TrackAddedToPlaylist,13,5154,714441,2025-05-21 05:39:15
362751,TrackAddedToPlaylist,63,7487,679962,2025-05-18 06:13:25
362752,TrackAddedToPlaylist,50,1846,677228,2025-05-28 14:08:32
362753,TrackAddedToPlaylist,32,6270,298072,2025-05-20 21:14:42
362754,TrackAddedToPlaylist,27,1432,280757,2025-05-20 08:38:09
362755,TrackAddedToPlaylist,57,6956,789363,2025-05-06 01:13:09
362756,TrackAddedToPlaylist,44,2996,211374,2025-05-17 08:55:08
362757,TrackAddedToPlaylist,61,1513,193304,2025-05-12 14:23:39
362758,TrackAddedToPlaylist,76,6270,789363,2025-05-07 03:44:06
362759,TrackAddedToPlaylist,1,5711,812044,2025-05-17 22:56:22
362760,TrackAddedToPlaylist,99,5501,303028,2025-05-15 06:20:04
362761,TrackAddedToPlaylist,97,7799,202291,2025-05-20 19:00:08
362762,TrackAddedToPlaylist,81,1463,178494,2025-05-05 03:59:29
362763,TrackAddedToPlaylist,84,6956,116900,2025-05-13 14:31:23
362764,TrackAddedToPlaylist,96,8856,618871,2025-05-30 05:02:45
362765,TrackAddedToPlaylist,47,9306,220329,2025-05-15 02:41:05
362766,TrackAddedToPlaylist,87,4844,939897,2025-05-10 05:57:32
362767,TrackAddedToPlaylist,16,9192,366485,2025-05-27 23:43:26
362768,TrackAddedToPlaylist,69,5551,327050,2025-05-25 22:04:21
362769,TrackAddedToPlaylist,11,5843,358147,2025-05-05 21:16:19
362770,TrackAddedToPlaylist,15,4292,821799,2025-05-28 01:20:10
362771,TrackAddedToPlaylist,96,9308,479252,2025-05-24 23:03:15
362772,TrackAddedToPlaylist,14,1164,846417,2025-05-10 13:01:55
362773,TrackAddedToPlaylist,80,1332,859118,2025-05-09 21:27:15
362774,TrackAddedToPlaylist,93,3929,738368,2025-05-15 15:04:06
362775,TrackAddedToPlaylist,13,2266,833183,2025-05-20 06:14:49
362776,TrackAddedToPlaylist,64,7998,364652,2025-05-12 12:10:49
362777,TrackAddedToPlaylist,61,3570,327050,2025-05-31 00:49:11
362778,TrackAddedToPlaylist,72,9187,203139,2025-05-19 12:00:40
362779,TrackAddedToPlaylist,83,5679,967964,2025-05-05 11:55:45
362780,TrackAddedToPlaylist,49,5679,466762,2025-05-17 00:41:43
362781,TrackAddedToPlaylist,95,2917,235605,2025-05-05 14:32:52
362782,TrackAddedToPlaylist,25,4844,113471,2025-05-27 20:07:35
362783,TrackAddedToPlaylist,8,7876,767724,2025-05-08 09:48:22
362784,TrackAddedToPlaylist,13,2737,677171,2025-05-31 18:37:15
362785,TrackAddedToPlaylist,40,1513,327050,2025-05-29 11:54:33
362786,TrackAddedToPlaylist,44,2988,911827,2025-05-04 18:01:09
362787,TrackAddedToPlaylist,33,2601,723532,2025-05-12 05:06:02
362788,TrackAddedToPlaylist,95,9976,997763,2025-05-21 00:13:40
362789,TrackAddedToPlaylist,99,3895,975369,2025-06-01 16:16:18
362790,TrackAddedToPlaylist,69,1651,439406,2025-05-27 18:54:45
362791,TrackAddedToPlaylist,29,8856,914706,2025-05-03 02:01:07
362792,TrackAddedToPlaylist,17,8856,498120,2025-05-08 08:46:48
362793,TrackAddedToPlaylist,68,4925,821799,2025-05-10 14:44:28
362794,TrackAddedToPlaylist,8,4189,916862,2025-05-27 01:34:33
362795,TrackAddedToPlaylist,16,7876,754574,2025-05-03 03:23:33
362796,TrackAddedToPlaylist,47,3134,280757,2025-05-18 23:43:00
362797,TrackAddedToPlaylist,66,1818,990785,2025-05-28 18:05:53
362798,TrackAddedToPlaylist,29,1164,251182,2025-05-13 03:48:10
362799,TrackAddedToPlaylist,84,6421,600437,2025-05-25 17:48:06
362800,TrackAddedToPlaylist,40,7359,577395,2025-05-07 21:06:38
362801,TrackAddedToPlaylist,73,6917,152851,2025-05-18 04:32:11
362802,TrackAddedToPlaylist,36,5516,754574,2025-05-04 12:32:53
362803,TrackAddedToPlaylist,18,1252,112782,2025-05-12 10:40:15
362804,TrackAddedToPlaylist,17,8313,418296,2025-05-29 15:01:37
362805,TrackAddedToPlaylist,100,5197,970756,2025-05-14 23:55:25
362806,TrackAddedToPlaylist,11,5843,461669,2025-05-22 13:48:54
362807,TrackAddedToPlaylist,91,6917,964952,2025-05-09 18:09:06
362808,TrackAddedToPlaylist,82,1184,870227,2025-05-03 13:23:36
362809,TrackAddedToPlaylist,76,6861,774212,2025-05-22 02:29:19
362810,TrackAddedToPlaylist,100,2831,515766,2025-05-13 04:48:45
362811,TrackAddedToPlaylist,97,2831,766651,2025-05-13 00:27:34
362812,TrackAddedToPlaylist,72,3354,235605,2025-05-12 05:08:20
362813,TrackAddedToPlaylist,18,8248,767724,2025-05-05 07:10:14
362814,TrackAddedToPlaylist,80,3570,498120,2025-05-28 11:36:50
362815,TrackAddedToPlaylist,5,1216,859118,2025-05-29 07:18:13
362816,TrackAddedToPlaylist,3,6630,608454,2025-05-22 10:13:56
362817,TrackAddedToPlaylist,48,8248,964466,2025-05-14 11:21:17
362818,TrackAddedToPlaylist,42,6340,846604,2025-05-05 02:32:08
362819,TrackAddedToPlaylist,71,6861,355257,2025-05-19 22:18:34
362820,TrackAddedToPlaylist,33,2258,937071,2025-05-08 22:04:07
362821,TrackAddedToPlaylist,7,9632,325667,2025-05-11 16:07:45
362822,TrackAddedToPlaylist,83,7671,396992,2025-05-24 23:35:24
362823,TrackAddedToPlaylist,70,2203,970756,2025-05-16 12:25:34
362824,TrackAddedToPlaylist,54,9523,928098,2025-05-25 17:57:19
362825,TrackAddedToPlaylist,48,2266,325667,2025-05-28 05:40:51
362826,TrackAddedToPlaylist,39,1464,650332,2025-05-17 10:06:34
362827,TrackAddedToPlaylist,21,6159,105708,2025-05-15 21:51:46
362828,TrackAddedToPlaylist,46,8081,618871,2025-05-29 03:51:05
362829,TrackAddedToPlaylist,47,3792,665640,2025-05-22 05:26:09
362830,TrackAddedToPlaylist,59,5625,901567,2025-05-11 00:11:11
362831,TrackAddedToPlaylist,54,5154,298072,2025-05-09 08:06:15
362832,TrackAddedToPlaylist,46,4925,960299,2025-05-11 15:10:56
362833,TrackAddedToPlaylist,13,7296,870227,2025-05-21 17:14:53
362834,TrackAddedToPlaylist,2,8182,811451,2025-05-30 18:38:26
362835,TrackAddedToPlaylist,80,5711,777384,2025-05-03 15:58:39
362836,TrackAddedToPlaylist,61,8104,535180,2025-05-09 21:47:02
362837,TrackAddedToPlaylist,7,9714,789363,2025-05-11 02:52:53
362838,TrackAddedToPlaylist,16,2336,280248,2025-05-15 09:33:01
362839,TrackAddedToPlaylist,36,9976,655636,2025-05-07 13:39:23
362840,TrackAddedToPlaylist,73,5953,846116,2025-05-04 11:52:24
362841,TrackAddedToPlaylist,6,3563,919004,2025-05-26 00:43:47
362842,TrackAddedToPlaylist,44,8833,980696,2025-05-06 00:10:44
362843,TrackAddedToPlaylist,41,8055,333653,2025-05-08 03:45:43
362844,TrackAddedToPlaylist,33,5130,960299,2025-05-16 22:46:57
362845,TrackAddedToPlaylist,15,6359,713566,2025-05-08 16:12:09
362846,TrackAddedToPlaylist,5,8233,766651,2025-05-19 21:27:28
362847,TrackAddedToPlaylist,7,4115,859118,2025-05-26 10:59:28
362848,TrackAddedToPlaylist,11,3806,466762,2025-05-11 14:00:30
362849,TrackAddedToPlaylist,90,2258,104706,2025-05-26 23:28:32
362850,TrackAddedToPlaylist,96,3961,632215,2025-05-22 15:57:04
362851,TrackAddedToPlaylist,89,9308,994080,2025-05-11 20:32:44
362852,TrackAddedToPlaylist,100,8313,746460,2025-05-17 17:37:24
362853,TrackAddedToPlaylist,84,7836,870227,2025-05-16 12:48:58
362854,TrackAddedToPlaylist,53,9722,280757,2025-05-28 05:44:04
362855,TrackAddedToPlaylist,11,4458,343785,2025-05-07 01:26:31
362856,TrackAddedToPlaylist,31,1727,798076,2025-05-09 10:42:52
362857,TrackAddedToPlaylist,75,9187,881707,2025-05-03 17:48:49
362858,TrackAddedToPlaylist,49,8881,183262,2025-05-03 02:28:02
362859,TrackAddedToPlaylist,89,8182,307755,2025-05-04 13:45:23
362860,TrackAddedToPlaylist,100,5953,513087,2025-05-30 15:33:44
362861,TrackAddedToPlaylist,10,8081,604167,2025-05-24 11:47:20
362862,TrackAddedToPlaylist,2,6755,287408,2025-05-13 22:50:23
362863,TrackAddedToPlaylist,51,7861,503819,2025-05-18 00:24:10
362864,TrackAddedToPlaylist,49,5197,806482,2025-05-22 02:23:33
362865,TrackAddedToPlaylist,32,1164,826795,2025-05-24 15:54:43
362866,TrackAddedToPlaylist,17,8895,618871,2025-05-10 02:52:25
362867,TrackAddedToPlaylist,87,4423,244390,2025-05-30 15:02:58
362868,TrackAddedToPlaylist,32,2258,185996,2025-06-01 04:06:54
362869,TrackAddedToPlaylist,64,7799,763065,2025-05-07 14:30:40
362870,TrackAddedToPlaylist,97,1332,497894,2025-05-17 18:43:33
362871,TrackAddedToPlaylist,86,5966,764463,2025-05-21 05:29:27
362872,TrackAddedToPlaylist,74,6870,234985,2025-05-06 08:39:40
362873,TrackAddedToPlaylist,32,2831,897158,2025-05-24 09:40:01
362874,TrackAddedToPlaylist,72,2917,983892,2025-05-31 12:46:47
362875,TrackAddedToPlaylist,35,2562,443124,2025-05-04 09:09:26
362876,TrackAddedToPlaylist,53,6996,723532,2025-05-05 03:37:38
362877,TrackAddedToPlaylist,98,9366,881407,2025-05-10 21:57:50
362878,TrackAddedToPlaylist,2,6270,514043,2025-05-16 17:53:24
362879,TrackAddedToPlaylist,24,7296,443124,2025-05-11 07:04:28
362880,TrackAddedToPlaylist,45,9722,586039,2025-05-05 19:34:48
362881,TrackAddedToPlaylist,32,1715,338299,2025-05-05 18:20:57
362882,TrackAddedToPlaylist,47,3102,969256,2025-05-24 12:26:46
362883,TrackAddedToPlaylist,19,9558,542990,2025-05-13 23:08:50
362884,TrackAddedToPlaylist,38,7848,373242,2025-05-12 13:48:47
362885,TrackAddedToPlaylist,58,1190,202291,2025-05-13 08:35:59
362886,TrackAddedToPlaylist,87,4378,135561,2025-05-09 05:19:14
362887,TrackAddedToPlaylist,21,1872,677171,2025-05-19 23:14:10
362888,TrackAddedToPlaylist,12,5516,438910,2025-05-20 14:24:53
362889,TrackAddedToPlaylist,24,4439,421423,2025-05-17 14:26:14
362890,TrackAddedToPlaylist,11,8313,150428,2025-05-27 00:51:13
362891,TrackAddedToPlaylist,34,7803,152851,2025-05-08 03:58:28
362892,TrackAddedToPlaylist,54,1216,608454,2025-05-29 10:43:44
362893,TrackAddedToPlaylist,85,2027,116494,2025-05-20 13:37:48
362894,TrackAddedToPlaylist,61,6400,669735,2025-05-19 20:31:07
362895,TrackAddedToPlaylist,60,6055,460516,2025-05-07 11:12:29
362896,TrackAddedToPlaylist,84,3961,846116,2025-05-10 13:46:53
362897,TrackAddedToPlaylist,35,3792,217737,2025-05-27 06:15:40
362898,TrackAddedToPlaylist,43,7296,212639,2025-06-01 06:48:38
362899,TrackAddedToPlaylist,17,4439,287408,2025-05-10 15:12:58
362900,TrackAddedToPlaylist,67,9306,723457,2025-05-24 14:17:09
362901,TrackAddedToPlaylist,26,5516,550980,2025-05-15 07:09:45
362902,TrackAddedToPlaylist,29,9097,772008,2025-05-15 05:01:28
362903,TrackAddedToPlaylist,65,1872,859118,2025-05-31 22:48:04
362904,TrackAddedToPlaylist,23,2014,716843,2025-05-18 11:47:46
362905,TrackAddedToPlaylist,18,5953,635805,2025-05-29 02:13:50
362906,TrackAddedToPlaylist,19,4439,598146,2025-05-27 18:40:17
362907,TrackAddedToPlaylist,73,7487,591399,2025-05-29 05:26:07
362908,TrackAddedToPlaylist,88,2336,685566,2025-05-22 15:52:16
362909,TrackAddedToPlaylist,72,2562,911827,2025-05-25 05:02:38
362910,TrackAddedToPlaylist,23,7998,997444,2025-05-22 12:55:31
362911,TrackAddedToPlaylist,53,7998,302691,2025-05-18 17:52:31
362912,TrackAddedToPlaylist,60,7789,659860,2025-05-18 05:46:38
362913,TrackAddedToPlaylist,19,8833,833183,2025-05-24 23:18:51
362914,TrackAddedToPlaylist,10,8833,792977,2025-05-15 08:57:21
362915,TrackAddedToPlaylist,72,8895,669735,2025-05-29 06:11:02
362916,TrackAddedToPlaylist,4,5296,268844,2025-05-06 22:58:26
362917,TrackAddedToPlaylist,84,7487,760116,2025-05-31 04:34:46
362918,TrackAddedToPlaylist,22,5444,866068,2025-05-05 21:44:26
362919,TrackAddedToPlaylist,39,2520,252793,2025-05-22 06:55:56
362920,TrackAddedToPlaylist,90,2562,249421,2025-05-06 16:14:55
362921,TrackAddedToPlaylist,46,6270,564782,2025-05-13 06:01:27
362922,TrackAddedToPlaylist,46,9192,515631,2025-05-07 06:35:13
362923,TrackAddedToPlaylist,82,9632,101481,2025-05-04 21:17:13
362924,TrackAddedToPlaylist,4,6270,280566,2025-05-30 23:13:03
362925,TrackAddedToPlaylist,61,9028,866068,2025-06-01 11:58:56
362926,TrackAddedToPlaylist,22,6400,849245,2025-05-07 18:39:29
362927,TrackAddedToPlaylist,99,7998,588373,2025-05-19 02:20:06
362928,TrackAddedToPlaylist,31,7359,158496,2025-05-23 11:17:28
362929,TrackAddedToPlaylist,50,5711,988883,2025-05-25 10:15:27
362930,TrackAddedToPlaylist,19,7836,516584,2025-05-25 01:05:10
362931,TrackAddedToPlaylist,14,4219,967964,2025-05-04 13:23:44
362932,TrackAddedToPlaylist,73,2692,170813,2025-05-16 01:38:08
362933,TrackAddedToPlaylist,31,6735,901567,2025-05-14 01:10:36
362934,TrackAddedToPlaylist,9,2601,833183,2025-05-18 16:34:01
362935,TrackAddedToPlaylist,81,3354,827282,2025-05-16 08:55:29
362936,TrackAddedToPlaylist,8,4554,167497,2025-05-24 23:19:53
362937,TrackAddedToPlaylist,94,6055,460244,2025-06-01 12:33:02
362938,TrackAddedToPlaylist,30,2642,685566,2025-05-31 10:12:55
362939,TrackAddedToPlaylist,83,6092,774560,2025-05-15 09:12:22
362940,TrackAddedToPlaylist,63,3130,988883,2025-05-11 21:42:09
362941,TrackAddedToPlaylist,56,5197,459806,2025-05-18 13:08:49
362942,TrackAddedToPlaylist,78,6861,955215,2025-05-31 05:23:29
362943,TrackAddedToPlaylist,12,1818,535180,2025-05-13 18:54:30
362944,TrackAddedToPlaylist,32,8562,116900,2025-05-10 21:39:14
362945,TrackAddedToPlaylist,37,1422,737878,2025-05-03 02:10:10
362946,TrackAddedToPlaylist,71,8055,502761,2025-05-26 13:51:09
362947,TrackAddedToPlaylist,52,7610,212639,2025-05-10 17:00:36
362948,TrackAddedToPlaylist,11,5843,917677,2025-05-29 10:50:26
362949,TrackAddedToPlaylist,45,3929,794423,2025-05-10 22:52:10
362950,TrackAddedToPlaylist,92,3895,402198,2025-05-10 00:28:37
362951,TrackAddedToPlaylist,8,2258,989881,2025-05-10 12:52:52
362952,TrackAddedToPlaylist,2,9306,492763,2025-05-07 23:20:10
362953,TrackAddedToPlaylist,18,3570,702447,2025-05-05 08:41:02
362954,TrackAddedToPlaylist,46,9042,288628,2025-05-27 12:39:06
362955,TrackAddedToPlaylist,3,4120,975643,2025-05-15 21:39:05
362956,TrackAddedToPlaylist,46,6264,633925,2025-05-09 09:26:49
362957,TrackAddedToPlaylist,57,6092,719133,2025-05-18 08:41:23
362958,TrackAddedToPlaylist,47,3136,911827,2025-05-19 11:48:49
362959,TrackAddedToPlaylist,45,1651,460516,2025-05-11 08:34:57
362960,TrackAddedToPlaylist,16,8562,911827,2025-05-28 06:43:17
362961,TrackAddedToPlaylist,83,2601,913850,2025-05-23 00:54:28
362962,TrackAddedToPlaylist,17,6917,355257,2025-05-16 07:45:55
362963,TrackAddedToPlaylist,74,3572,134418,2025-05-12 22:57:36
362964,TrackAddedToPlaylist,62,5843,411605,2025-05-26 02:42:36
362965,TrackAddedToPlaylist,73,1200,796122,2025-05-16 12:56:26
362966,TrackAddedToPlaylist,54,9722,101795,2025-05-29 01:39:20
362967,TrackAddedToPlaylist,70,4925,120256,2025-05-04 12:37:17
362968,TrackAddedToPlaylist,88,8055,738368,2025-05-29 23:09:33
362969,TrackAddedToPlaylist,16,3948,870227,2025-05-24 03:27:12
362970,TrackAddedToPlaylist,66,9714,101101,2025-05-18 17:53:30
362971,TrackAddedToPlaylist,33,2988,514043,2025-05-15 19:33:58
362972,TrackAddedToPlaylist,9,8920,708479,2025-05-08 21:05:42
362973,TrackAddedToPlaylist,78,8219,824729,2025-05-09 20:31:10
362974,TrackAddedToPlaylist,76,6092,940207,2025-05-24 19:03:19
362975,TrackAddedToPlaylist,57,7803,309890,2025-05-25 16:50:01
362976,TrackAddedToPlaylist,13,8895,719133,2025-05-29 06:08:50
362977,TrackAddedToPlaylist,78,8510,994506,2025-05-23 17:44:42
362978,TrackAddedToPlaylist,1,5711,873057,2025-05-24 14:53:26
362979,TrackAddedToPlaylist,42,2642,659860,2025-05-09 16:01:17
362980,TrackAddedToPlaylist,27,5843,249421,2025-05-06 06:38:15
362981,TrackAddedToPlaylist,96,8833,148185,2025-05-03 03:25:04
362982,TrackAddedToPlaylist,31,2692,754080,2025-06-01 03:33:18
362983,TrackAddedToPlaylist,8,1846,222578,2025-05-19 15:51:24
362984,TrackAddedToPlaylist,49,1432,812044,2025-05-16 07:48:24
362985,TrackAddedToPlaylist,98,4046,320439,2025-05-27 13:52:19
362986,TrackAddedToPlaylist,43,3130,359229,2025-05-06 04:38:04
362987,TrackAddedToPlaylist,25,8895,588373,2025-05-07 11:25:53
362988,TrackAddedToPlaylist,8,9936,806482,2025-05-06 04:28:52
362989,TrackAddedToPlaylist,5,6735,906793,2025-05-06 01:54:18
362990,TrackAddedToPlaylist,42,1513,811451,2025-05-25 00:59:00
362991,TrackAddedToPlaylist,59,3961,802834,2025-05-27 10:31:20
362992,TrackAddedToPlaylist,76,6412,849245,2025-06-01 01:18:06
362993,TrackAddedToPlaylist,91,9558,202291,2025-05-14 05:44:38
362994,TrackAddedToPlaylist,46,8613,870858,2025-05-27 06:43:35
362995,TrackAddedToPlaylist,47,1332,132469,2025-05-24 07:31:38
362996,TrackAddedToPlaylist,15,5197,826795,2025-05-12 05:23:57
362997,TrackAddedToPlaylist,57,1200,604167,2025-05-24 06:39:52
362998,TrackAddedToPlaylist,23,2601,721013,2025-05-28 08:06:57
362999,TrackAddedToPlaylist,89,9714,357771,2025-05-31 03:28:37
363000,TrackAddedToPlaylist,64,5625,846116,2025-05-24 08:07:39
363001,TrackAddedToPlaylist,2,1464,723457,2025-05-24 16:20:34
363002,TrackAddedToPlaylist,1,2714,674240,2025-05-18 01:52:35
363003,TrackAddedToPlaylist,31,8853,870858,2025-05-10 16:15:49
363004,TrackAddedToPlaylist,65,2562,399546,2025-05-25 22:25:14
363005,TrackAddedToPlaylist,47,8853,198641,2025-05-12 06:29:33
363006,TrackAddedToPlaylist,23,9028,437089,2025-05-17 19:12:42
363007,TrackAddedToPlaylist,92,1164,184496,2025-05-31 20:19:05
363008,TrackAddedToPlaylist,38,6010,280248,2025-05-27 07:32:17
363009,TrackAddedToPlaylist,35,5679,412515,2025-05-22 15:12:17
363010,TrackAddedToPlaylist,30,4844,479252,2025-05-23 22:11:51
363011,TrackAddedToPlaylist,57,6010,195920,2025-05-06 17:17:20
363012,TrackAddedToPlaylist,98,3570,186389,2025-05-04 13:08:45
363013,TrackAddedToPlaylist,97,3792,503819,2025-05-27 12:50:13
363014,TrackAddedToPlaylist,90,3570,376353,2025-05-05 10:10:59
363015,TrackAddedToPlaylist,86,4844,543382,2025-05-20 11:13:55
363016,TrackAddedToPlaylist,31,4458,792977,2025-05-23 17:54:29
363017,TrackAddedToPlaylist,24,5154,158496,2025-05-22 08:33:21
363018,TrackAddedToPlaylist,59,8920,846417,2025-05-13 11:51:30
363019,TrackAddedToPlaylist,64,4634,339877,2025-05-26 22:02:49
363020,TrackAddedToPlaylist,88,8562,988326,2025-05-14 09:19:08
363021,TrackAddedToPlaylist,47,1536,167497,2025-05-29 07:49:33
363022,TrackAddedToPlaylist,42,9187,650332,2025-05-09 11:25:29
363023,TrackAddedToPlaylist,57,1432,899882,2025-05-05 08:12:29
363024,TrackAddedToPlaylist,65,5296,222578,2025-05-18 08:30:04
363025,TrackAddedToPlaylist,10,2266,690530,2025-05-20 22:23:10
363026,TrackAddedToPlaylist,84,8510,135561,2025-05-23 03:04:00
363027,TrackAddedToPlaylist,32,6836,994080,2025-05-24 04:05:55
363028,TrackAddedToPlaylist,61,2336,467693,2025-05-08 13:59:33
363029,TrackAddedToPlaylist,1,1651,443124,2025-05-08 22:32:46
363030,TrackAddedToPlaylist,59,8833,437375,2025-05-31 18:05:37
363031,TrackAddedToPlaylist,95,5711,516584,2025-05-28 16:46:16
363032,TrackAddedToPlaylist,66,3532,600437,2025-05-16 18:00:49
363033,TrackAddedToPlaylist,91,1464,744491,2025-05-08 05:28:13
363034,TrackAddedToPlaylist,30,2581,462879,2025-05-20 08:31:01
363035,TrackAddedToPlaylist,9,4098,357771,2025-05-23 23:28:01
363036,TrackAddedToPlaylist,98,2520,198641,2025-05-10 13:31:57
363037,TrackAddedToPlaylist,18,7253,914706,2025-05-17 21:45:46
363038,TrackAddedToPlaylist,8,1422,158496,2025-05-17 17:33:36
363039,TrackAddedToPlaylist,20,3134,170813,2025-05-29 17:20:50
363040,TrackAddedToPlaylist,77,6159,191842,2025-05-07 17:13:26
363041,TrackAddedToPlaylist,44,1872,798076,2025-05-04 16:12:23
363042,TrackAddedToPlaylist,83,9964,445167,2025-05-19 21:30:41
363043,TrackAddedToPlaylist,50,1742,896409,2025-05-31 20:49:05
363044,TrackAddedToPlaylist,77,6174,870858,2025-05-12 18:10:03
363045,TrackAddedToPlaylist,69,8853,190583,2025-05-17 13:01:59
363046,TrackAddedToPlaylist,63,9809,648272,2025-06-01 21:16:32
363047,TrackAddedToPlaylist,7,9192,280566,2025-05-13 05:14:56
363048,TrackAddedToPlaylist,1,2877,980696,2025-05-08 18:47:39
363049,TrackAddedToPlaylist,83,4554,343785,2025-05-17 04:45:09
363050,TrackAddedToPlaylist,77,5711,719133,2025-05-15 15:04:36
363051,TrackAddedToPlaylist,44,1846,223800,2025-05-26 07:27:18
363052,TrackAddedToPlaylist,37,9936,640940,2025-05-25 21:11:33
363053,TrackAddedToPlaylist,61,3134,825668,2025-05-11 00:07:20
363054,TrackAddedToPlaylist,11,7861,791566,2025-05-27 23:23:39
363055,TrackAddedToPlaylist,83,3102,318050,2025-05-16 17:31:24
363056,TrackAddedToPlaylist,9,8881,586039,2025-05-18 13:41:24
363057,TrackAddedToPlaylist,23,8389,896409,2025-05-04 22:45:23
363058,TrackAddedToPlaylist,39,9455,588373,2025-05-27 11:42:56
363059,TrackAddedToPlaylist,70,9042,983383,2025-05-26 12:06:51
363060,TrackAddedToPlaylist,99,6996,746222,2025-05-26 12:23:22
363061,TrackAddedToPlaylist,33,7803,665640,2025-05-14 06:58:08
363062,TrackAddedToPlaylist,64,3929,290957,2025-05-25 13:51:30
363063,TrackAddedToPlaylist,11,2988,741105,2025-05-22 18:06:32
363064,TrackAddedToPlaylist,96,4828,771201,2025-05-14 05:31:32
363065,TrackAddedToPlaylist,39,8475,604167,2025-05-10 12:51:27
363066,TrackAddedToPlaylist,6,9523,316803,2025-05-27 02:27:43
363067,TrackAddedToPlaylist,83,1252,859134,2025-05-31 14:40:40
363068,TrackAddedToPlaylist,43,9809,402198,2025-05-26 08:16:07
363069,TrackAddedToPlaylist,12,5966,105708,2025-05-16 23:53:21
363070,TrackAddedToPlaylist,41,9192,407542,2025-05-09 09:42:11
363071,TrackAddedToPlaylist,64,9308,408517,2025-05-26 18:00:23
363072,TrackAddedToPlaylist,88,1266,145720,2025-05-29 09:19:30
363073,TrackAddedToPlaylist,23,7836,511824,2025-05-04 17:10:24
363074,TrackAddedToPlaylist,17,3134,551562,2025-05-15 22:13:46
363075,TrackAddedToPlaylist,87,8055,691424,2025-05-11 18:57:43
363076,TrackAddedToPlaylist,71,6973,981779,2025-05-25 05:01:39
363077,TrackAddedToPlaylist,73,5493,272250,2025-05-12 13:12:02
363078,TrackAddedToPlaylist,48,1033,506308,2025-05-16 07:19:56
363079,TrackAddedToPlaylist,28,8104,906793,2025-05-22 12:22:27
363080,TrackAddedToPlaylist,81,6861,394163,2025-06-01 00:33:27
363081,TrackAddedToPlaylist,53,6861,670202,2025-05-03 01:37:04
363082,TrackAddedToPlaylist,86,1955,691145,2025-05-11 00:39:15
363083,TrackAddedToPlaylist,43,5148,785853,2025-05-05 20:50:10
363084,TrackAddedToPlaylist,85,4115,401589,2025-05-31 19:36:40
363085,TrackAddedToPlaylist,90,4219,913850,2025-05-08 11:28:49
363086,TrackAddedToPlaylist,64,3787,145124,2025-05-31 15:11:27
363087,TrackAddedToPlaylist,17,1200,679962,2025-05-17 11:50:31
363088,TrackAddedToPlaylist,91,6055,577395,2025-05-22 09:17:29
363089,TrackAddedToPlaylist,91,1164,937071,2025-05-27 17:01:44
363090,TrackAddedToPlaylist,76,9042,225805,2025-05-10 22:36:13
363091,TrackAddedToPlaylist,18,2877,633925,2025-05-09 12:21:12
363092,TrackAddedToPlaylist,30,6340,325667,2025-05-31 09:28:10
363093,TrackAddedToPlaylist,57,8182,516584,2025-05-11 08:43:44
363094,TrackAddedToPlaylist,54,9964,406711,2025-05-23 03:04:31
363095,TrackAddedToPlaylist,45,1164,408517,2025-05-06 10:38:28
363096,TrackAddedToPlaylist,90,1715,479252,2025-05-31 12:08:54
363097,TrackAddedToPlaylist,6,1332,881407,2025-05-06 18:58:23
363098,TrackAddedToPlaylist,42,6340,183262,2025-05-19 12:23:43
363099,TrackAddedToPlaylist,89,1422,481193,2025-05-28 20:31:01
363100,TrackAddedToPlaylist,68,9366,988326,2025-05-25 01:14:44
363101,TrackAddedToPlaylist,94,1920,525703,2025-05-13 20:23:55
363102,TrackAddedToPlaylist,60,8104,598717,2025-05-15 01:23:39
363103,TrackAddedToPlaylist,14,4906,870858,2025-05-04 02:34:05
363104,TrackAddedToPlaylist,97,8219,234985,2025-05-07 08:09:52
363105,TrackAddedToPlaylist,16,5809,170813,2025-05-19 00:03:33
363106,TrackAddedToPlaylist,41,1422,244390,2025-05-28 04:29:33
363107,TrackAddedToPlaylist,83,1818,553637,2025-05-15 22:25:46
363108,TrackAddedToPlaylist,43,6836,820142,2025-05-24 13:00:27
363109,TrackAddedToPlaylist,85,4189,983892,2025-05-26 14:54:42
363110,TrackAddedToPlaylist,95,6270,754574,2025-05-04 19:57:26
363111,TrackAddedToPlaylist,35,9964,466762,2025-05-09 05:30:32
363112,TrackAddedToPlaylist,26,1216,859118,2025-05-07 13:07:15
363113,TrackAddedToPlaylist,63,3563,550980,2025-05-18 19:48:28
363114,TrackAddedToPlaylist,67,3787,693899,2025-05-22 08:39:44
363115,TrackAddedToPlaylist,71,2992,932616,2025-05-04 05:58:38
363116,TrackAddedToPlaylist,13,5197,911827,2025-05-31 14:09:44
363117,TrackAddedToPlaylist,79,8081,635805,2025-05-15 02:27:58
363118,TrackAddedToPlaylist,99,6092,402198,2025-05-22 18:02:24
363119,TrackAddedToPlaylist,26,1464,322770,2025-05-15 23:19:14
363120,TrackAddedToPlaylist,26,8562,215177,2025-05-18 22:42:34
363121,TrackAddedToPlaylist,34,1464,534948,2025-05-14 19:37:02
363122,TrackAddedToPlaylist,14,9366,625105,2025-05-16 20:55:50
363123,TrackAddedToPlaylist,97,1536,408549,2025-05-21 07:06:51
363124,TrackAddedToPlaylist,73,1463,467693,2025-05-05 18:48:00
363125,TrackAddedToPlaylist,48,2581,619899,2025-06-01 10:31:08
363126,TrackAddedToPlaylist,33,9610,303028,2025-05-04 01:32:30
363127,TrackAddedToPlaylist,35,9964,932616,2025-05-28 04:15:25
363128,TrackAddedToPlaylist,96,6400,989881,2025-05-29 20:16:38
363129,TrackAddedToPlaylist,27,1742,408549,2025-05-10 22:50:42
363130,TrackAddedToPlaylist,54,1895,534948,2025-05-18 13:04:49
363131,TrackAddedToPlaylist,46,7610,698803,2025-05-29 03:30:15
363132,TrackAddedToPlaylist,32,7998,744491,2025-05-15 21:54:02
363133,TrackAddedToPlaylist,29,3563,316803,2025-05-18 23:21:14
363134,TrackAddedToPlaylist,57,2988,553318,2025-05-22 21:39:38
363135,TrackAddedToPlaylist,34,4634,810735,2025-05-29 21:30:00
363136,TrackAddedToPlaylist,35,6188,159135,2025-05-03 06:53:25
363137,TrackAddedToPlaylist,59,8856,437089,2025-05-31 17:33:19
363138,TrackAddedToPlaylist,87,9714,376353,2025-05-09 11:50:24
363139,TrackAddedToPlaylist,5,7077,723736,2025-05-08 08:11:46
363140,TrackAddedToPlaylist,29,2642,117368,2025-05-07 16:54:11
363141,TrackAddedToPlaylist,100,6421,896409,2025-05-10 19:09:05
363142,TrackAddedToPlaylist,42,4844,908851,2025-05-13 16:07:02
363143,TrackAddedToPlaylist,53,3563,955215,2025-05-30 03:41:28
363144,TrackAddedToPlaylist,39,1432,252793,2025-05-27 00:35:02
363145,TrackAddedToPlaylist,50,6735,623431,2025-05-12 15:43:08
363146,TrackAddedToPlaylist,45,8219,223800,2025-05-18 20:37:49
363147,TrackAddedToPlaylist,30,1920,186389,2025-05-04 07:48:06
363148,TrackAddedToPlaylist,69,9523,373242,2025-05-20 05:32:19
363149,TrackAddedToPlaylist,90,1033,515766,2025-05-14 13:09:06
363150,TrackAddedToPlaylist,73,6264,939897,2025-05-27 17:13:51
363151,TrackAddedToPlaylist,34,9187,471261,2025-05-20 17:33:07
363152,TrackAddedToPlaylist,1,2581,120256,2025-05-28 05:24:03
363153,TrackAddedToPlaylist,71,7919,339877,2025-05-18 02:48:17
363154,TrackAddedToPlaylist,72,2301,714441,2025-05-19 15:24:32
363155,TrackAddedToPlaylist,95,6412,677228,2025-05-15 22:17:09
363156,TrackAddedToPlaylist,23,2996,145124,2025-05-04 13:59:24
363157,TrackAddedToPlaylist,9,3399,391918,2025-05-12 17:23:27
363158,TrackAddedToPlaylist,56,1216,421423,2025-05-24 23:30:15
363159,TrackAddedToPlaylist,24,1846,980746,2025-05-19 07:00:25
363160,TrackAddedToPlaylist,68,2336,502130,2025-05-15 16:14:05
363161,TrackAddedToPlaylist,9,5844,169070,2025-06-01 19:39:52
363162,TrackAddedToPlaylist,18,8856,691424,2025-05-04 23:43:28
363163,TrackAddedToPlaylist,80,4423,696123,2025-06-01 09:08:26
363164,TrackAddedToPlaylist,72,2260,400857,2025-05-08 04:26:06
363165,TrackAddedToPlaylist,6,2336,717532,2025-05-03 13:09:19
363166,TrackAddedToPlaylist,64,9976,462879,2025-05-13 07:13:26
363167,TrackAddedToPlaylist,70,6400,414890,2025-05-30 20:03:07
363168,TrackAddedToPlaylist,54,2203,990785,2025-05-06 12:42:33
363169,TrackAddedToPlaylist,83,2714,460516,2025-05-31 09:30:52
363170,TrackAddedToPlaylist,97,6010,611562,2025-05-20 04:13:42
363171,TrackAddedToPlaylist,7,1028,526211,2025-05-19 22:36:29
363172,TrackAddedToPlaylist,38,5844,693899,2025-05-14 10:05:27
363173,TrackAddedToPlaylist,98,5844,553416,2025-05-15 17:42:02
363174,TrackAddedToPlaylist,95,8920,633925,2025-05-25 06:22:39
363175,TrackAddedToPlaylist,96,6264,760116,2025-05-14 22:11:57
363176,TrackAddedToPlaylist,34,6996,862100,2025-05-17 12:37:13
363177,TrackAddedToPlaylist,79,2988,665640,2025-05-16 03:01:55
363178,TrackAddedToPlaylist,49,2319,378463,2025-05-15 18:54:35
363179,TrackAddedToPlaylist,95,1464,291291,2025-05-17 03:52:44
363180,TrackAddedToPlaylist,20,2692,846116,2025-05-09 09:26:00
363181,TrackAddedToPlaylist,20,4439,970756,2025-06-01 16:24:22
363182,TrackAddedToPlaylist,99,6270,717532,2025-05-20 18:55:21
363183,TrackAddedToPlaylist,6,1463,765767,2025-06-01 18:26:17
363184,TrackAddedToPlaylist,38,3895,236899,2025-05-09 15:46:01
363185,TrackAddedToPlaylist,82,1764,152851,2025-05-26 04:52:30
363186,TrackAddedToPlaylist,32,2014,936369,2025-05-03 16:47:37
363187,TrackAddedToPlaylist,31,8081,324002,2025-05-19 18:04:31
363188,TrackAddedToPlaylist,21,2260,542990,2025-05-20 08:36:50
363189,TrackAddedToPlaylist,23,2562,725443,2025-05-17 01:12:47
363190,TrackAddedToPlaylist,72,2714,696123,2025-05-04 19:21:23
363191,TrackAddedToPlaylist,72,4219,901027,2025-05-31 07:08:33
363192,TrackAddedToPlaylist,37,1266,747978,2025-05-11 14:47:23
363193,TrackAddedToPlaylist,25,6735,708479,2025-05-27 01:05:43
363194,TrackAddedToPlaylist,66,8510,821799,2025-05-22 03:13:44
363195,TrackAddedToPlaylist,42,3570,101101,2025-05-27 00:19:41
363196,TrackAddedToPlaylist,8,2439,535454,2025-05-06 01:37:41
363197,TrackAddedToPlaylist,48,7848,406711,2025-05-30 03:47:06
363198,TrackAddedToPlaylist,5,8881,443124,2025-05-16 20:48:55
363199,TrackAddedToPlaylist,11,7110,338299,2025-05-10 18:02:50
363200,TrackAddedToPlaylist,33,8055,774212,2025-05-10 15:07:23
363201,TrackAddedToPlaylist,3,8081,515766,2025-05-13 03:28:02
363202,TrackAddedToPlaylist,83,4341,249411,2025-05-14 12:45:55
363203,TrackAddedToPlaylist,79,6159,238689,2025-05-12 23:11:38
363204,TrackAddedToPlaylist,41,2988,538481,2025-05-31 01:42:45
363205,TrackAddedToPlaylist,79,7253,580999,2025-05-26 10:44:01
363206,TrackAddedToPlaylist,100,3572,502130,2025-05-26 08:28:25
363207,TrackAddedToPlaylist,62,8389,994506,2025-05-06 09:54:33
363208,TrackAddedToPlaylist,27,4341,611648,2025-05-20 17:37:10
363209,TrackAddedToPlaylist,92,1332,471261,2025-05-18 16:39:03
363210,TrackAddedToPlaylist,50,6973,598397,2025-05-03 13:24:42
363211,TrackAddedToPlaylist,89,1200,342789,2025-05-07 10:43:53
363212,TrackAddedToPlaylist,27,1252,303028,2025-05-15 20:52:42
363213,TrackAddedToPlaylist,40,4634,185996,2025-05-18 17:15:20
363214,TrackAddedToPlaylist,35,9714,318050,2025-05-25 09:35:29
363215,TrackAddedToPlaylist,61,3134,650332,2025-05-28 18:31:34
363216,TrackAddedToPlaylist,34,6359,112782,2025-05-14 09:43:12
363217,TrackAddedToPlaylist,6,5859,690530,2025-05-14 09:33:38
363218,TrackAddedToPlaylist,67,5953,857996,2025-05-08 22:59:18
363219,TrackAddedToPlaylist,96,3961,625105,2025-05-16 09:57:32
363220,TrackAddedToPlaylist,17,1198,158496,2025-05-13 10:57:35
363221,TrackAddedToPlaylist,26,5551,764463,2025-05-19 08:27:02
363222,TrackAddedToPlaylist,64,2260,190583,2025-05-09 23:16:55
363223,TrackAddedToPlaylist,71,6270,249421,2025-05-25 00:28:19
363224,TrackAddedToPlaylist,10,6996,862100,2025-05-24 13:22:46
363225,TrackAddedToPlaylist,82,4634,821799,2025-05-11 01:33:56
363226,TrackAddedToPlaylist,27,3570,116900,2025-05-15 06:20:58
363227,TrackAddedToPlaylist,78,3136,459806,2025-05-23 19:57:38
363228,TrackAddedToPlaylist,97,4292,225805,2025-05-31 15:09:48
363229,TrackAddedToPlaylist,86,4098,586039,2025-05-10 01:11:46
363230,TrackAddedToPlaylist,77,9192,518870,2025-05-30 15:16:34
363231,TrackAddedToPlaylist,78,5625,316803,2025-05-17 19:17:14
363232,TrackAddedToPlaylist,1,6400,481230,2025-05-08 12:53:29
363233,TrackAddedToPlaylist,23,3354,534948,2025-05-16 05:05:13
363234,TrackAddedToPlaylist,62,8104,964466,2025-05-22 06:35:42
363235,TrackAddedToPlaylist,100,9366,462879,2025-05-23 23:28:11
363236,TrackAddedToPlaylist,72,1513,347905,2025-05-20 13:57:54
363237,TrackAddedToPlaylist,51,1432,498120,2025-05-08 22:59:41
363238,TrackAddedToPlaylist,39,5296,478639,2025-05-30 09:31:37
363239,TrackAddedToPlaylist,83,2753,980746,2025-05-18 20:26:57
363240,TrackAddedToPlaylist,37,6400,497034,2025-05-20 05:48:50
363241,TrackAddedToPlaylist,2,1727,983383,2025-05-17 19:15:55
363242,TrackAddedToPlaylist,83,6340,518676,2025-05-13 18:00:46
363243,TrackAddedToPlaylist,1,5843,146232,2025-05-03 18:14:04
363244,TrackAddedToPlaylist,65,7998,691424,2025-05-24 23:11:36
363245,TrackAddedToPlaylist,73,7110,612358,2025-05-24 04:59:43
363246,TrackAddedToPlaylist,61,6755,746460,2025-05-22 07:38:19
363247,TrackAddedToPlaylist,55,7799,518870,2025-05-31 22:50:43
363248,TrackAddedToPlaylist,60,3102,716843,2025-05-26 06:12:16
363249,TrackAddedToPlaylist,79,4321,399546,2025-05-26 01:56:56
363250,TrackAddedToPlaylist,62,1028,741105,2025-05-22 22:08:45
363251,TrackAddedToPlaylist,34,4115,819549,2025-05-03 17:28:05
363252,TrackAddedToPlaylist,95,5844,971977,2025-05-30 06:11:34
363253,TrackAddedToPlaylist,16,8104,481193,2025-05-09 11:51:40
363254,TrackAddedToPlaylist,96,6870,798076,2025-05-24 07:38:49
363255,TrackAddedToPlaylist,96,4098,121106,2025-05-18 06:49:23
363256,TrackAddedToPlaylist,17,4341,532159,2025-05-08 05:32:47
363257,TrackAddedToPlaylist,19,4844,451827,2025-05-14 02:39:24
363258,TrackAddedToPlaylist,78,6264,846417,2025-05-19 12:26:02
363259,TrackAddedToPlaylist,56,6400,355257,2025-05-30 07:27:26
363260,TrackAddedToPlaylist,90,2520,355257,2025-06-01 16:01:48
363261,TrackAddedToPlaylist,53,2014,469508,2025-05-08 22:31:18
363262,TrackAddedToPlaylist,28,5130,767724,2025-05-04 19:21:19
363263,TrackAddedToPlaylist,30,9308,466762,2025-05-21 15:21:40
363264,TrackAddedToPlaylist,42,1764,217737,2025-05-23 03:12:21
363265,TrackAddedToPlaylist,4,6159,857996,2025-06-01 21:30:08
363266,TrackAddedToPlaylist,11,4087,231729,2025-05-20 03:39:56
363267,TrackAddedToPlaylist,52,1846,608454,2025-05-24 01:01:56
363268,TrackAddedToPlaylist,53,8182,740953,2025-05-14 12:52:20
363269,TrackAddedToPlaylist,45,8233,620055,2025-05-19 14:43:31
363270,TrackAddedToPlaylist,65,7799,674240,2025-05-04 02:34:08
363271,TrackAddedToPlaylist,59,1266,764463,2025-05-20 06:27:26
363272,TrackAddedToPlaylist,79,3787,109532,2025-05-29 19:01:42
363273,TrackAddedToPlaylist,60,8562,655636,2025-05-29 03:59:02
363274,TrackAddedToPlaylist,87,4906,933473,2025-05-04 02:43:21
363275,TrackAddedToPlaylist,10,1332,550980,2025-05-12 12:32:50
363276,TrackAddedToPlaylist,88,3895,917677,2025-05-10 08:09:44
363277,TrackAddedToPlaylist,17,9936,280248,2025-05-28 04:44:07
363278,TrackAddedToPlaylist,77,1651,391918,2025-05-11 03:27:22
363279,TrackAddedToPlaylist,39,5844,737878,2025-05-10 04:42:36
363280,TrackAddedToPlaylist,2,6956,158496,2025-05-13 05:17:34
363281,TrackAddedToPlaylist,93,2917,913850,2025-05-22 09:05:04
363282,TrackAddedToPlaylist,18,1895,459806,2025-05-08 20:03:49
363283,TrackAddedToPlaylist,26,6836,823685,2025-05-14 12:24:26
363284,TrackAddedToPlaylist,85,2992,175436,2025-05-12 18:36:58
363285,TrackAddedToPlaylist,60,1432,565238,2025-06-01 08:52:01
363286,TrackAddedToPlaylist,65,7876,272250,2025-05-21 16:57:42
363287,TrackAddedToPlaylist,52,2831,415915,2025-05-22 12:15:06
363288,TrackAddedToPlaylist,21,2014,897497,2025-05-05 12:34:38
363289,TrackAddedToPlaylist,90,9306,743091,2025-05-24 04:04:19
363290,TrackAddedToPlaylist,11,9964,234985,2025-05-11 09:55:14
363291,TrackAddedToPlaylist,87,7919,674240,2025-05-27 13:43:51
363292,TrackAddedToPlaylist,67,3102,981779,2025-05-14 17:28:28
363293,TrackAddedToPlaylist,59,4458,193474,2025-05-30 04:19:13
363294,TrackAddedToPlaylist,10,2877,214233,2025-05-03 22:49:02
363295,TrackAddedToPlaylist,9,8182,650332,2025-05-17 02:47:48
363296,TrackAddedToPlaylist,83,9306,359229,2025-06-01 18:38:16
363297,TrackAddedToPlaylist,43,6159,859118,2025-05-26 23:23:55
363298,TrackAddedToPlaylist,84,3134,633925,2025-05-12 12:06:04
363299,TrackAddedToPlaylist,68,2260,424665,2025-05-18 23:08:39
363300,TrackAddedToPlaylist,85,4115,690530,2025-05-30 17:46:10
363301,TrackAddedToPlaylist,91,5444,407542,2025-05-24 05:25:15
363302,TrackAddedToPlaylist,92,1955,405508,2025-05-12 12:49:01
363303,TrackAddedToPlaylist,69,4925,923364,2025-05-19 16:14:25
363304,TrackAddedToPlaylist,21,1742,535180,2025-05-16 22:16:52
363305,TrackAddedToPlaylist,31,8853,564782,2025-05-19 06:42:16
363306,TrackAddedToPlaylist,15,9187,249421,2025-05-21 15:02:33
363307,TrackAddedToPlaylist,54,3961,827282,2025-05-09 23:04:42
363308,TrackAddedToPlaylist,36,9042,399675,2025-05-10 19:31:17
363309,TrackAddedToPlaylist,63,1513,327039,2025-05-28 01:41:16
363310,TrackAddedToPlaylist,80,2753,619899,2025-05-17 18:22:56
363311,TrackAddedToPlaylist,58,4634,327050,2025-05-11 12:15:52
363312,TrackAddedToPlaylist,88,9809,640940,2025-05-18 23:04:28
363313,TrackAddedToPlaylist,98,3572,424665,2025-05-29 22:38:47
363314,TrackAddedToPlaylist,100,3563,193304,2025-05-09 12:09:49
363315,TrackAddedToPlaylist,38,2301,121106,2025-05-11 17:30:52
363316,TrackAddedToPlaylist,48,2014,520561,2025-05-06 20:12:48
363317,TrackAddedToPlaylist,30,8562,252793,2025-05-08 23:40:19
363318,TrackAddedToPlaylist,53,7844,994080,2025-05-12 20:27:56
363319,TrackAddedToPlaylist,55,9558,123814,2025-05-28 10:11:48
363320,TrackAddedToPlaylist,63,6174,478639,2025-05-14 10:29:19
363321,TrackAddedToPlaylist,41,1872,421423,2025-05-24 01:51:15
363322,TrackAddedToPlaylist,24,1920,691145,2025-05-25 13:56:33
363323,TrackAddedToPlaylist,30,7110,188270,2025-05-18 09:44:26
363324,TrackAddedToPlaylist,40,8081,771201,2025-05-20 16:58:50
363325,TrackAddedToPlaylist,48,2258,195920,2025-05-20 17:00:39
363326,TrackAddedToPlaylist,29,3572,461669,2025-06-01 11:54:25
363327,TrackAddedToPlaylist,68,6870,738368,2025-05-20 14:13:14
363328,TrackAddedToPlaylist,42,5312,902744,2025-05-18 01:08:53
363329,TrackAddedToPlaylist,58,6400,206707,2025-05-04 11:22:17
363330,TrackAddedToPlaylist,64,2439,511030,2025-05-05 20:19:21
363331,TrackAddedToPlaylist,11,6010,802834,2025-05-06 01:59:42
363332,TrackAddedToPlaylist,89,6010,812044,2025-06-01 19:45:33
363333,TrackAddedToPlaylist,68,2014,690530,2025-05-31 20:17:49
363334,TrackAddedToPlaylist,96,7848,466762,2025-05-30 00:15:47
363335,TrackAddedToPlaylist,80,2562,577395,2025-05-27 17:49:12
363336,TrackAddedToPlaylist,51,1715,288628,2025-05-31 08:52:05
363337,TrackAddedToPlaylist,89,9632,810735,2025-05-26 02:04:10
363338,TrackAddedToPlaylist,82,5551,303028,2025-05-17 12:14:51
363339,TrackAddedToPlaylist,15,9964,709649,2025-05-29 18:18:29
363340,TrackAddedToPlaylist,49,2439,517793,2025-05-03 22:27:43
363341,TrackAddedToPlaylist,92,2988,376353,2025-05-16 02:15:25
363342,TrackAddedToPlaylist,33,2774,455795,2025-05-04 17:24:13
363343,TrackAddedToPlaylist,93,9964,392428,2025-05-11 01:48:32
363344,TrackAddedToPlaylist,54,4115,119272,2025-05-18 05:38:25
363345,TrackAddedToPlaylist,76,9722,933473,2025-05-20 04:54:36
363346,TrackAddedToPlaylist,87,6359,859134,2025-05-08 04:08:52
363347,TrackAddedToPlaylist,89,4046,102560,2025-05-17 17:24:31
363348,TrackAddedToPlaylist,48,7487,764463,2025-05-25 23:48:50
363349,TrackAddedToPlaylist,70,4115,886138,2025-05-12 10:30:54
363350,TrackAddedToPlaylist,92,2753,902744,2025-05-28 16:38:28
363351,TrackAddedToPlaylist,77,9306,168309,2025-05-09 08:29:07
363352,TrackAddedToPlaylist,16,6188,721013,2025-05-24 07:12:37
363353,TrackAddedToPlaylist,64,2692,302691,2025-05-29 07:52:08
363354,TrackAddedToPlaylist,74,8248,347905,2025-05-04 08:24:40
363355,TrackAddedToPlaylist,67,2831,983892,2025-05-17 17:00:39
363356,TrackAddedToPlaylist,80,7487,861759,2025-05-18 01:38:38
363357,TrackAddedToPlaylist,84,6735,420022,2025-05-15 01:36:12
363358,TrackAddedToPlaylist,66,9976,202291,2025-05-03 21:49:12
363359,TrackAddedToPlaylist,77,5501,976969,2025-05-27 12:28:44
363360,TrackAddedToPlaylist,86,5843,611648,2025-05-06 20:07:38
363361,TrackAddedToPlaylist,23,8389,175436,2025-05-10 16:37:03
363362,TrackAddedToPlaylist,72,6343,863664,2025-05-18 21:26:50
363363,TrackAddedToPlaylist,5,1536,908851,2025-05-09 18:36:50
363364,TrackAddedToPlaylist,39,3895,235605,2025-05-28 22:42:17
363365,TrackAddedToPlaylist,82,5809,280757,2025-05-31 06:45:51
363366,TrackAddedToPlaylist,9,6412,225805,2025-05-30 14:29:44
363367,TrackAddedToPlaylist,41,6630,376353,2025-05-19 22:10:46
363368,TrackAddedToPlaylist,50,6010,503819,2025-05-23 11:37:36
363369,TrackAddedToPlaylist,97,6359,696123,2025-05-11 00:16:30
363370,TrackAddedToPlaylist,84,5197,746460,2025-05-13 11:49:35
363371,TrackAddedToPlaylist,79,5711,648272,2025-05-06 12:53:54
363372,TrackAddedToPlaylist,63,2439,870858,2025-05-22 00:00:04
363373,TrackAddedToPlaylist,71,1955,937071,2025-05-12 04:24:07
363374,TrackAddedToPlaylist,70,5679,623431,2025-05-28 15:37:23
363375,TrackAddedToPlaylist,82,6400,322770,2025-05-31 02:54:24
363376,TrackAddedToPlaylist,2,9964,847303,2025-05-24 11:33:53
363377,TrackAddedToPlaylist,46,6174,469508,2025-05-18 23:30:25
363378,TrackAddedToPlaylist,17,8510,530039,2025-05-27 01:38:16
363379,TrackAddedToPlaylist,17,6174,989881,2025-05-29 02:49:17
363380,TrackAddedToPlaylist,28,5809,800619,2025-06-01 15:41:53
363381,TrackAddedToPlaylist,87,8248,471261,2025-05-16 02:58:38
363382,TrackAddedToPlaylist,87,1742,683347,2025-05-18 01:08:39
363383,TrackAddedToPlaylist,75,4925,184496,2025-05-28 15:28:17
363384,TrackAddedToPlaylist,96,6421,333742,2025-05-20 02:08:03
363385,TrackAddedToPlaylist,19,6055,394163,2025-05-27 02:02:39
363386,TrackAddedToPlaylist,77,2988,691145,2025-05-07 12:25:32
363387,TrackAddedToPlaylist,34,2753,702447,2025-05-04 02:14:37
363388,TrackAddedToPlaylist,23,6174,418296,2025-05-06 04:27:24
363389,TrackAddedToPlaylist,27,8895,408549,2025-05-12 07:35:50
363390,TrackAddedToPlaylist,88,8475,988326,2025-05-31 21:45:12
363391,TrackAddedToPlaylist,67,8389,437089,2025-05-04 13:50:46
363392,TrackAddedToPlaylist,86,4189,895154,2025-05-16 18:15:49
363393,TrackAddedToPlaylist,41,4189,243091,2025-05-19 05:38:30
363394,TrackAddedToPlaylist,19,1422,120256,2025-05-29 08:00:23
363395,TrackAddedToPlaylist,18,4189,760116,2025-05-10 07:52:07
363396,TrackAddedToPlaylist,64,9308,659860,2025-05-10 04:45:56
363397,TrackAddedToPlaylist,96,9306,967964,2025-05-24 21:22:13
363398,TrackAddedToPlaylist,87,5516,338299,2025-05-27 02:14:22
363399,TrackAddedToPlaylist,33,4439,650332,2025-05-23 17:03:49
363400,TrackAddedToPlaylist,95,3572,988326,2025-05-18 01:31:03
363401,TrackAddedToPlaylist,93,7296,324002,2025-05-09 20:11:03
363402,TrackAddedToPlaylist,93,1432,899072,2025-05-24 07:38:50
363403,TrackAddedToPlaylist,44,6755,462879,2025-05-25 18:09:51
363404,TrackAddedToPlaylist,47,4439,861759,2025-05-14 21:56:17
363405,TrackAddedToPlaylist,50,2917,806482,2025-05-08 11:04:13
363406,TrackAddedToPlaylist,6,5197,534948,2025-05-25 01:32:15
363407,TrackAddedToPlaylist,51,1332,333742,2025-05-11 00:23:21
363408,TrackAddedToPlaylist,60,3787,249421,2025-05-03 04:56:37
363409,TrackAddedToPlaylist,1,3354,497894,2025-05-19 13:23:16
363410,TrackAddedToPlaylist,77,1742,145124,2025-05-22 04:53:13
363411,TrackAddedToPlaylist,81,5859,127854,2025-05-27 08:01:14
363412,TrackAddedToPlaylist,94,4423,611648,2025-05-31 19:38:48
363413,TrackAddedToPlaylist,58,2336,572209,2025-05-21 03:01:09
363414,TrackAddedToPlaylist,1,4120,234985,2025-05-16 16:38:26
363415,TrackAddedToPlaylist,74,1536,938635,2025-05-18 09:19:48
363416,TrackAddedToPlaylist,58,4321,600437,2025-05-13 23:56:39
363417,TrackAddedToPlaylist,11,8233,677228,2025-05-23 20:37:37
363418,TrackAddedToPlaylist,12,2027,754574,2025-05-15 16:38:34
363419,TrackAddedToPlaylist,63,3532,724140,2025-05-17 17:31:14
363420,TrackAddedToPlaylist,35,2831,322770,2025-05-12 12:32:37
363421,TrackAddedToPlaylist,6,9610,502130,2025-05-14 02:58:11
363422,TrackAddedToPlaylist,12,2266,481193,2025-06-01 03:31:57
363423,TrackAddedToPlaylist,56,1764,462414,2025-05-05 00:27:58
363424,TrackAddedToPlaylist,32,4844,886138,2025-05-16 02:23:05
363425,TrackAddedToPlaylist,27,8104,231729,2025-05-30 23:27:03
363426,TrackAddedToPlaylist,59,1872,679962,2025-05-10 00:24:16
363427,TrackAddedToPlaylist,86,4439,377321,2025-06-01 17:20:48
363428,TrackAddedToPlaylist,49,5501,551562,2025-05-06 04:46:30
363429,TrackAddedToPlaylist,23,9306,746460,2025-05-25 22:23:32
363430,TrackAddedToPlaylist,51,5356,502761,2025-05-09 11:00:16
363431,TrackAddedToPlaylist,40,5312,766651,2025-05-06 15:22:33
363432,TrackAddedToPlaylist,52,9976,874100,2025-05-27 15:35:08
363433,TrackAddedToPlaylist,51,1715,642365,2025-05-05 23:16:20
363434,TrackAddedToPlaylist,46,4292,691494,2025-05-27 01:08:49
363435,TrackAddedToPlaylist,40,8104,280248,2025-05-24 21:29:52
363436,TrackAddedToPlaylist,80,4098,280248,2025-05-13 19:22:47
363437,TrackAddedToPlaylist,62,5356,827219,2025-05-26 06:49:42
363438,TrackAddedToPlaylist,41,7836,881407,2025-05-11 01:45:23
363439,TrackAddedToPlaylist,99,9455,191842,2025-05-26 10:47:47
363440,TrackAddedToPlaylist,17,8104,969256,2025-05-13 19:51:24
363441,TrackAddedToPlaylist,67,6996,212639,2025-05-05 10:33:38
363442,TrackAddedToPlaylist,69,1028,678838,2025-06-01 16:33:05
363443,TrackAddedToPlaylist,1,3572,908851,2025-05-04 01:20:09
363444,TrackAddedToPlaylist,33,7844,472606,2025-05-20 11:47:12
363445,TrackAddedToPlaylist,41,4219,503819,2025-05-31 21:01:15
363446,TrackAddedToPlaylist,52,1872,740953,2025-05-26 21:59:53
363447,TrackAddedToPlaylist,91,8248,570701,2025-05-19 10:14:15
363448,TrackAddedToPlaylist,72,5844,970756,2025-05-17 05:45:23
363449,TrackAddedToPlaylist,47,1184,113471,2025-05-23 15:09:27
363450,TrackAddedToPlaylist,36,2014,401589,2025-05-09 05:34:55
363451,TrackAddedToPlaylist,70,1028,477467,2025-05-16 13:52:32
363452,TrackAddedToPlaylist,3,6870,811451,2025-05-16 02:06:03
363453,TrackAddedToPlaylist,62,2260,723532,2025-05-26 16:49:44
363454,TrackAddedToPlaylist,26,1463,298072,2025-05-15 17:02:32
363455,TrackAddedToPlaylist,23,1818,738368,2025-05-03 15:41:16
363456,TrackAddedToPlaylist,86,4098,412535,2025-05-06 09:00:51
363457,TrackAddedToPlaylist,22,6421,352009,2025-05-26 18:06:33
363458,TrackAddedToPlaylist,9,3563,252793,2025-05-15 22:17:09
363459,TrackAddedToPlaylist,37,1164,217706,2025-05-24 19:01:28
363460,TrackAddedToPlaylist,89,3895,618871,2025-05-18 03:58:01
363461,TrackAddedToPlaylist,92,7848,847303,2025-05-04 13:20:07
363462,TrackAddedToPlaylist,74,3563,695286,2025-05-30 22:39:44
363463,TrackAddedToPlaylist,75,8182,648272,2025-05-29 03:45:08
363464,TrackAddedToPlaylist,100,9308,612358,2025-05-06 19:19:49
363465,TrackAddedToPlaylist,1,4458,152851,2025-05-08 00:44:46
363466,TrackAddedToPlaylist,88,1252,863664,2025-05-31 02:00:20
363467,TrackAddedToPlaylist,70,4828,866068,2025-05-15 09:31:52
363468,TrackAddedToPlaylist,47,3895,225805,2025-05-28 09:51:49
363469,TrackAddedToPlaylist,37,6359,774560,2025-05-13 14:39:37
363470,TrackAddedToPlaylist,74,8510,994080,2025-05-09 22:55:39
363471,TrackAddedToPlaylist,98,5809,570701,2025-05-23 09:25:27
363472,TrackAddedToPlaylist,66,3134,940207,2025-05-31 10:30:28
363473,TrackAddedToPlaylist,100,5197,593898,2025-05-20 05:14:45
363474,TrackAddedToPlaylist,48,9610,881707,2025-05-23 00:09:56
363475,TrackAddedToPlaylist,73,1028,169070,2025-05-11 03:52:51
363476,TrackAddedToPlaylist,45,3532,437375,2025-05-21 13:23:19
363477,TrackAddedToPlaylist,95,9097,376353,2025-05-06 09:02:51
363478,TrackAddedToPlaylist,33,3570,678838,2025-05-16 02:50:19
363479,TrackAddedToPlaylist,8,2014,184496,2025-05-22 21:28:22
363480,TrackAddedToPlaylist,74,4292,228783,2025-05-12 08:10:36
363481,TrackAddedToPlaylist,90,5493,964042,2025-05-25 02:18:26
363482,TrackAddedToPlaylist,37,7876,506308,2025-05-30 12:41:22
363483,TrackAddedToPlaylist,17,7487,214233,2025-05-08 09:54:54
363484,TrackAddedToPlaylist,65,3136,577183,2025-05-18 05:41:25
363485,TrackAddedToPlaylist,27,6917,571476,2025-05-14 09:30:54
363486,TrackAddedToPlaylist,35,3961,420022,2025-06-01 20:42:29
363487,TrackAddedToPlaylist,55,4219,352009,2025-05-31 03:43:31
363488,TrackAddedToPlaylist,80,5356,515008,2025-05-06 02:13:52
363489,TrackAddedToPlaylist,87,6188,824729,2025-05-25 13:10:56
363490,TrackAddedToPlaylist,1,6917,175436,2025-05-06 23:45:57
363491,TrackAddedToPlaylist,74,1536,150428,2025-05-30 13:09:15
363492,TrackAddedToPlaylist,73,6421,855000,2025-05-18 01:24:15
363493,TrackAddedToPlaylist,65,7610,262522,2025-05-15 15:24:24
363494,TrackAddedToPlaylist,46,6270,466762,2025-05-18 18:02:32
363495,TrackAddedToPlaylist,37,6270,347999,2025-05-29 09:19:50
363496,TrackAddedToPlaylist,94,4844,382585,2025-05-17 13:48:18
363497,TrackAddedToPlaylist,19,3130,330816,2025-05-28 11:53:14
363498,TrackAddedToPlaylist,98,2753,373242,2025-05-21 02:37:51
363499,TrackAddedToPlaylist,72,5953,231729,2025-05-13 20:24:01
363500,TrackAddedToPlaylist,7,7253,551562,2025-05-09 06:25:02
363501,TrackAddedToPlaylist,85,6630,471261,2025-05-19 16:23:05
363502,TrackAddedToPlaylist,57,1200,579022,2025-05-28 05:46:42
363503,TrackAddedToPlaylist,6,8055,552937,2025-05-12 15:22:36
363504,TrackAddedToPlaylist,13,7998,511030,2025-05-26 12:23:37
363505,TrackAddedToPlaylist,87,2917,994506,2025-05-26 09:44:13
363506,TrackAddedToPlaylist,16,3572,382585,2025-05-12 19:23:19
363507,TrackAddedToPlaylist,61,6264,268844,2025-06-01 18:47:31
363508,TrackAddedToPlaylist,70,3929,786550,2025-05-24 23:08:03
363509,TrackAddedToPlaylist,95,1955,175436,2025-05-06 17:01:18
363510,TrackAddedToPlaylist,39,3792,565238,2025-05-29 06:20:39
363511,TrackAddedToPlaylist,10,8881,717532,2025-05-06 22:27:59
363512,TrackAddedToPlaylist,90,2014,373242,2025-05-08 00:27:46
363513,TrackAddedToPlaylist,76,3787,481193,2025-05-29 17:48:47
363514,TrackAddedToPlaylist,69,8510,511824,2025-05-26 22:32:37
363515,TrackAddedToPlaylist,39,1332,740953,2025-05-04 04:12:31
363516,TrackAddedToPlaylist,85,1422,570701,2025-05-24 14:39:01
363517,TrackAddedToPlaylist,91,8895,132469,2025-05-15 07:47:29
363518,TrackAddedToPlaylist,48,7610,412515,2025-05-31 17:31:24
363519,TrackAddedToPlaylist,43,6735,183262,2025-05-07 10:56:04
363520,TrackAddedToPlaylist,59,1198,738368,2025-05-25 19:07:50
363521,TrackAddedToPlaylist,23,2027,553416,2025-05-20 02:00:10
363522,TrackAddedToPlaylist,83,3532,796122,2025-05-26 10:41:40
363523,TrackAddedToPlaylist,69,6340,940207,2025-05-25 06:03:30
363524,TrackAddedToPlaylist,60,9632,939545,2025-05-06 23:52:34
363525,TrackAddedToPlaylist,44,6359,650332,2025-05-08 19:17:24
363526,TrackAddedToPlaylist,91,9306,467693,2025-05-28 21:45:54
363527,TrackAddedToPlaylist,31,9187,586039,2025-05-24 06:34:42
363528,TrackAddedToPlaylist,24,3806,117368,2025-05-09 12:55:36
363529,TrackAddedToPlaylist,48,5296,861759,2025-05-29 03:19:57
363530,TrackAddedToPlaylist,58,6174,399675,2025-05-08 10:35:56
363531,TrackAddedToPlaylist,30,2737,691424,2025-05-19 22:24:22
363532,TrackAddedToPlaylist,98,8920,792977,2025-06-01 14:15:02
363533,TrackAddedToPlaylist,94,2301,170813,2025-05-10 14:42:49
363534,TrackAddedToPlaylist,49,3787,252793,2025-05-09 22:52:32
363535,TrackAddedToPlaylist,43,7789,135489,2025-05-28 23:39:02
363536,TrackAddedToPlaylist,87,6836,439406,2025-05-10 04:50:10
363537,TrackAddedToPlaylist,68,2992,737878,2025-05-03 14:33:12
363538,TrackAddedToPlaylist,74,8895,517793,2025-05-19 07:37:33
363539,TrackAddedToPlaylist,74,3130,459806,2025-05-07 00:09:57
363540,TrackAddedToPlaylist,74,8389,917677,2025-06-01 01:43:48
363541,TrackAddedToPlaylist,87,6412,236899,2025-05-15 18:01:42
363542,TrackAddedToPlaylist,79,5312,975643,2025-05-11 04:11:18
363543,TrackAddedToPlaylist,79,2319,901567,2025-05-07 22:46:13
363544,TrackAddedToPlaylist,53,5679,511030,2025-05-25 22:15:56
363545,TrackAddedToPlaylist,24,8881,679962,2025-05-10 23:08:16
363546,TrackAddedToPlaylist,99,1422,570701,2025-05-28 08:20:47
363547,TrackAddedToPlaylist,89,5444,928098,2025-05-08 16:57:29
363548,TrackAddedToPlaylist,25,9455,185996,2025-05-10 16:39:57
363549,TrackAddedToPlaylist,27,5130,892807,2025-05-24 06:04:22
363550,TrackAddedToPlaylist,27,8881,535454,2025-05-21 18:11:37
363551,TrackAddedToPlaylist,84,1818,451827,2025-05-16 07:41:41
363552,TrackAddedToPlaylist,18,6174,426041,2025-05-11 04:21:28
363553,TrackAddedToPlaylist,65,1651,460516,2025-05-04 11:03:58
363554,TrackAddedToPlaylist,36,5516,738368,2025-05-18 16:50:18
363555,TrackAddedToPlaylist,45,7296,451827,2025-05-25 08:54:11
363556,TrackAddedToPlaylist,74,3563,733202,2025-05-23 04:15:29
363557,TrackAddedToPlaylist,34,4844,551562,2025-05-14 06:54:55
363558,TrackAddedToPlaylist,25,5148,333653,2025-05-15 03:53:01
363559,TrackAddedToPlaylist,45,5679,543382,2025-05-12 14:33:23
363560,TrackAddedToPlaylist,19,5130,347905,2025-05-15 00:24:41
363561,TrackAddedToPlaylist,8,6055,635805,2025-05-09 13:27:45
363562,TrackAddedToPlaylist,10,7919,897158,2025-05-14 17:52:45
363563,TrackAddedToPlaylist,77,4115,223949,2025-05-22 18:20:47
363564,TrackAddedToPlaylist,96,2203,909551,2025-05-03 06:35:56
363565,TrackAddedToPlaylist,55,8613,101795,2025-05-11 22:25:34
363566,TrackAddedToPlaylist,26,3787,593898,2025-05-10 12:58:17
363567,TrackAddedToPlaylist,37,2996,681573,2025-05-12 17:41:03
363568,TrackAddedToPlaylist,74,9964,502761,2025-05-28 08:03:08
363569,TrackAddedToPlaylist,86,5859,534948,2025-05-09 22:32:28
363570,TrackAddedToPlaylist,30,8881,577183,2025-05-24 20:11:42
363571,TrackAddedToPlaylist,6,9306,960299,2025-05-13 18:24:45
363572,TrackAddedToPlaylist,13,2877,964952,2025-05-26 22:06:48
363573,TrackAddedToPlaylist,18,9722,318050,2025-05-23 09:18:36
363574,TrackAddedToPlaylist,90,4189,746460,2025-05-22 05:04:19
363575,TrackAddedToPlaylist,12,9523,223949,2025-05-13 16:59:17
363576,TrackAddedToPlaylist,47,6159,105837,2025-05-18 23:53:08
363577,TrackAddedToPlaylist,39,3130,881707,2025-05-31 01:55:45
363578,TrackAddedToPlaylist,26,2258,851212,2025-05-03 13:09:30
363579,TrackAddedToPlaylist,15,2988,321485,2025-05-28 18:05:38
363580,TrackAddedToPlaylist,46,2877,359229,2025-05-31 13:25:38
363581,TrackAddedToPlaylist,31,9097,811451,2025-05-15 23:11:42
363582,TrackAddedToPlaylist,93,4925,526211,2025-05-31 11:39:15
363583,TrackAddedToPlaylist,46,4844,677228,2025-05-16 00:44:02
363584,TrackAddedToPlaylist,38,1764,535454,2025-05-18 09:36:46
363585,TrackAddedToPlaylist,21,2737,861759,2025-05-17 06:38:07
363586,TrackAddedToPlaylist,2,5809,774212,2025-05-16 23:59:39
363587,TrackAddedToPlaylist,47,8182,690530,2025-05-24 03:23:01
363588,TrackAddedToPlaylist,47,6755,542037,2025-05-03 23:21:20
363589,TrackAddedToPlaylist,86,2266,236487,2025-05-07 22:22:34
363590,TrackAddedToPlaylist,16,8055,988883,2025-05-17 12:32:41
363591,TrackAddedToPlaylist,12,2737,932616,2025-05-20 20:35:18
363592,TrackAddedToPlaylist,57,6159,777029,2025-05-15 08:52:18
363593,TrackAddedToPlaylist,93,9192,770309,2025-05-11 12:27:41
363594,TrackAddedToPlaylist,15,5312,725443,2025-05-03 22:02:28
363595,TrackAddedToPlaylist,31,5551,669735,2025-05-04 02:56:56
363596,TrackAddedToPlaylist,14,4115,249421,2025-05-04 01:22:50
363597,TrackAddedToPlaylist,73,3563,593898,2025-05-22 20:00:15
363598,TrackAddedToPlaylist,10,4828,382916,2025-05-22 21:14:31
363599,TrackAddedToPlaylist,75,5625,515631,2025-05-23 00:06:03
363600,TrackAddedToPlaylist,75,1955,857996,2025-05-16 20:40:20
363601,TrackAddedToPlaylist,25,7610,337969,2025-05-03 04:34:19
363602,TrackAddedToPlaylist,52,2692,511030,2025-05-31 05:32:05
363603,TrackAddedToPlaylist,39,8613,577395,2025-05-24 22:35:29
363604,TrackAddedToPlaylist,43,9809,262522,2025-05-28 18:58:11
363605,TrackAddedToPlaylist,98,8920,492763,2025-05-13 18:53:17
363606,TrackAddedToPlaylist,47,3532,249411,2025-05-08 10:26:45
363607,TrackAddedToPlaylist,83,2014,812044,2025-05-03 09:00:37
363608,TrackAddedToPlaylist,91,9097,223800,2025-05-21 00:55:57
363609,TrackAddedToPlaylist,80,4115,506308,2025-05-03 16:34:47
363610,TrackAddedToPlaylist,95,1818,497034,2025-05-11 19:33:04
363611,TrackAddedToPlaylist,17,7253,399546,2025-05-22 23:56:02
363612,TrackAddedToPlaylist,80,2260,206707,2025-05-05 00:53:25
363613,TrackAddedToPlaylist,56,6973,193304,2025-05-21 17:15:23
363614,TrackAddedToPlaylist,41,2996,691654,2025-05-15 09:34:17
363615,TrackAddedToPlaylist,93,1463,481230,2025-05-27 14:46:13
363616,TrackAddedToPlaylist,66,2714,405508,2025-05-22 12:23:04
363617,TrackAddedToPlaylist,21,6421,503819,2025-05-04 20:40:53
363618,TrackAddedToPlaylist,92,1764,881407,2025-05-07 07:50:08
363619,TrackAddedToPlaylist,98,4087,309776,2025-05-09 04:49:52
363620,TrackAddedToPlaylist,49,2319,134418,2025-05-13 08:47:29
363621,TrackAddedToPlaylist,72,5844,724140,2025-05-20 10:46:07
363622,TrackAddedToPlaylist,57,1198,206707,2025-05-10 11:09:48
363623,TrackAddedToPlaylist,45,5444,230460,2025-05-07 22:48:54
363624,TrackAddedToPlaylist,91,6400,312987,2025-05-10 19:39:34
363625,TrackAddedToPlaylist,53,5493,859134,2025-05-04 02:37:18
363626,TrackAddedToPlaylist,68,7844,593157,2025-05-11 00:31:32
363627,TrackAddedToPlaylist,8,8055,443124,2025-05-25 08:04:53
363628,TrackAddedToPlaylist,67,6010,820142,2025-05-22 08:03:35
363629,TrackAddedToPlaylist,11,7487,665640,2025-05-31 11:48:34
363630,TrackAddedToPlaylist,40,7359,665640,2025-05-13 18:29:31
363631,TrackAddedToPlaylist,51,4634,726367,2025-05-21 07:56:35
363632,TrackAddedToPlaylist,33,2988,251182,2025-05-20 21:37:51
363633,TrackAddedToPlaylist,76,2774,347905,2025-05-30 07:14:04
363634,TrackAddedToPlaylist,42,8182,862100,2025-05-08 17:20:11
363635,TrackAddedToPlaylist,64,6340,936369,2025-05-25 18:30:43
363636,TrackAddedToPlaylist,58,5859,212639,2025-05-06 17:37:31
363637,TrackAddedToPlaylist,25,5625,534948,2025-05-19 01:29:36
363638,TrackAddedToPlaylist,54,3570,481230,2025-05-03 08:11:53
363639,TrackAddedToPlaylist,93,7296,228783,2025-05-18 17:34:12
363640,TrackAddedToPlaylist,3,3130,333653,2025-05-13 12:22:30
363641,TrackAddedToPlaylist,3,2439,135489,2025-05-20 23:49:29
363642,TrackAddedToPlaylist,78,9722,497034,2025-05-16 06:09:10
363643,TrackAddedToPlaylist,98,8881,632215,2025-05-27 04:28:32
363644,TrackAddedToPlaylist,89,4120,870858,2025-05-04 10:53:55
363645,TrackAddedToPlaylist,100,2439,866068,2025-05-07 21:52:04
363646,TrackAddedToPlaylist,17,3102,800619,2025-05-30 23:59:08
363647,TrackAddedToPlaylist,74,5551,821799,2025-05-30 02:43:32
363648,TrackAddedToPlaylist,47,9028,624612,2025-05-16 22:13:14
363649,TrackAddedToPlaylist,50,6092,159135,2025-05-15 12:35:52
363650,TrackAddedToPlaylist,67,9714,373242,2025-05-21 03:55:31
363651,TrackAddedToPlaylist,21,2203,190583,2025-05-23 20:30:11
363652,TrackAddedToPlaylist,49,6861,217706,2025-05-18 14:33:29
363653,TrackAddedToPlaylist,94,6421,674854,2025-05-26 16:05:51
363654,TrackAddedToPlaylist,43,5493,746222,2025-05-30 12:58:59
363655,TrackAddedToPlaylist,28,6861,191842,2025-05-14 10:49:11
363656,TrackAddedToPlaylist,44,8219,770309,2025-05-12 15:51:13
363657,TrackAddedToPlaylist,63,6917,895154,2025-05-08 01:50:52
363658,TrackAddedToPlaylist,3,2877,518086,2025-05-17 01:07:21
363659,TrackAddedToPlaylist,1,9610,655636,2025-05-12 07:19:17
363660,TrackAddedToPlaylist,76,7861,936369,2025-05-07 19:56:14
363661,TrackAddedToPlaylist,21,3961,198023,2025-05-09 07:42:10
363662,TrackAddedToPlaylist,97,9809,198641,2025-05-11 06:15:39
363663,TrackAddedToPlaylist,38,7487,767724,2025-05-23 22:35:00
363664,TrackAddedToPlaylist,37,1464,754574,2025-05-21 12:55:49
363665,TrackAddedToPlaylist,46,2258,897158,2025-05-22 20:33:58
363666,TrackAddedToPlaylist,56,6270,217737,2025-05-03 11:51:33
363667,TrackAddedToPlaylist,88,5148,382585,2025-05-14 21:50:27
363668,TrackAddedToPlaylist,19,8055,415915,2025-05-20 04:08:19
363669,TrackAddedToPlaylist,88,6917,740953,2025-05-18 05:49:28
363670,TrackAddedToPlaylist,21,2714,612358,2025-05-17 20:54:08
363671,TrackAddedToPlaylist,36,2988,312987,2025-05-04 11:13:49
363672,TrackAddedToPlaylist,50,5843,719133,2025-05-22 23:27:38
363673,TrackAddedToPlaylist,22,8881,296069,2025-05-18 13:00:13
363674,TrackAddedToPlaylist,60,3102,348424,2025-05-04 14:05:48
363675,TrackAddedToPlaylist,29,1252,628325,2025-05-08 02:21:44
363676,TrackAddedToPlaylist,2,9391,359229,2025-05-16 14:15:25
363677,TrackAddedToPlaylist,73,5493,191842,2025-05-12 12:22:52
363678,TrackAddedToPlaylist,58,5844,830159,2025-05-17 03:29:13
363679,TrackAddedToPlaylist,75,3563,515008,2025-05-27 15:30:00
363680,TrackAddedToPlaylist,43,2642,135489,2025-05-10 13:00:56
363681,TrackAddedToPlaylist,9,7836,777029,2025-05-10 19:27:36
363682,TrackAddedToPlaylist,89,4189,719133,2025-05-05 17:13:49
363683,TrackAddedToPlaylist,11,2601,819549,2025-05-24 04:28:26
363684,TrackAddedToPlaylist,52,1955,696644,2025-05-18 09:24:55
363685,TrackAddedToPlaylist,90,2917,272250,2025-05-03 10:51:41
363686,TrackAddedToPlaylist,56,9936,211374,2025-05-26 16:04:35
363687,TrackAddedToPlaylist,55,3563,928098,2025-05-18 08:03:45
363688,TrackAddedToPlaylist,75,3399,798076,2025-05-30 02:18:29
363689,TrackAddedToPlaylist,32,6630,851212,2025-05-18 21:15:21
363690,TrackAddedToPlaylist,78,2917,932616,2025-05-05 11:38:05
363691,TrackAddedToPlaylist,64,6917,565238,2025-05-23 05:17:33
363692,TrackAddedToPlaylist,74,9523,515631,2025-05-13 15:11:27
363693,TrackAddedToPlaylist,83,1164,633925,2025-05-07 09:13:57
363694,TrackAddedToPlaylist,55,5493,217737,2025-05-29 21:24:37
363695,TrackAddedToPlaylist,24,5551,588373,2025-05-21 19:26:53
363696,TrackAddedToPlaylist,13,8475,937071,2025-05-09 18:26:45
363697,TrackAddedToPlaylist,83,3102,547274,2025-05-15 15:05:06
363698,TrackAddedToPlaylist,11,1432,936369,2025-05-07 10:51:26
363699,TrackAddedToPlaylist,26,1422,469508,2025-05-20 06:38:26
363700,TrackAddedToPlaylist,58,8104,620055,2025-05-03 12:32:04
363701,TrackAddedToPlaylist,27,9308,957547,2025-05-29 01:39:41
363702,TrackAddedToPlaylist,78,2520,725443,2025-05-27 05:44:20
363703,TrackAddedToPlaylist,65,4341,820142,2025-05-05 15:49:33
363704,TrackAddedToPlaylist,85,1184,511030,2025-05-19 22:01:44
363705,TrackAddedToPlaylist,92,7610,506308,2025-06-01 13:17:16
363706,TrackAddedToPlaylist,84,2319,570701,2025-05-10 18:59:32
363707,TrackAddedToPlaylist,40,6836,411605,2025-05-28 01:04:52
363708,TrackAddedToPlaylist,54,4046,492763,2025-05-28 14:33:27
363709,TrackAddedToPlaylist,78,2520,408549,2025-05-23 18:41:15
363710,TrackAddedToPlaylist,99,1266,414890,2025-05-05 10:23:17
363711,TrackAddedToPlaylist,51,9964,604167,2025-05-28 05:21:40
363712,TrackAddedToPlaylist,36,4925,236487,2025-05-11 10:55:16
363713,TrackAddedToPlaylist,11,7253,827219,2025-05-18 05:51:18
363714,TrackAddedToPlaylist,17,3806,637534,2025-05-14 15:02:55
363715,TrackAddedToPlaylist,54,9964,902744,2025-05-29 06:41:02
363716,TrackAddedToPlaylist,65,2336,394163,2025-05-03 06:37:01
363717,TrackAddedToPlaylist,4,1742,967964,2025-05-23 22:30:46
363718,TrackAddedToPlaylist,26,6092,477467,2025-05-27 05:44:01
363719,TrackAddedToPlaylist,76,4189,109532,2025-05-14 08:37:48
363720,TrackAddedToPlaylist,77,2988,881407,2025-05-30 17:42:26
363721,TrackAddedToPlaylist,16,5844,892807,2025-05-31 17:20:08
363722,TrackAddedToPlaylist,2,5844,272250,2025-05-08 13:36:32
363723,TrackAddedToPlaylist,22,3792,236899,2025-05-19 10:10:32
363724,TrackAddedToPlaylist,49,1764,426041,2025-05-03 23:05:59
363725,TrackAddedToPlaylist,96,5154,988326,2025-05-27 09:53:25
363726,TrackAddedToPlaylist,99,7077,105708,2025-05-08 23:30:19
363727,TrackAddedToPlaylist,67,8313,553157,2025-05-20 06:12:03
363728,TrackAddedToPlaylist,96,1463,249687,2025-05-16 05:32:36
363729,TrackAddedToPlaylist,23,9366,902744,2025-05-11 06:51:07
363730,TrackAddedToPlaylist,55,5312,460516,2025-05-12 02:41:54
363731,TrackAddedToPlaylist,89,4115,698803,2025-05-04 19:19:06
363732,TrackAddedToPlaylist,100,6343,620055,2025-05-04 18:48:59
363733,TrackAddedToPlaylist,28,4925,771201,2025-05-06 10:35:13
363734,TrackAddedToPlaylist,33,3929,477467,2025-05-19 07:00:58
363735,TrackAddedToPlaylist,4,5843,955215,2025-05-16 08:55:49
363736,TrackAddedToPlaylist,80,4120,619899,2025-05-12 11:56:32
363737,TrackAddedToPlaylist,5,2601,251182,2025-05-08 15:42:18
363738,TrackAddedToPlaylist,29,1727,723736,2025-05-15 18:10:18
363739,TrackAddedToPlaylist,61,9558,683347,2025-05-28 20:07:23
363740,TrackAddedToPlaylist,14,2714,290957,2025-05-17 15:56:53
363741,TrackAddedToPlaylist,44,1375,406711,2025-05-18 03:06:52
363742,TrackAddedToPlaylist,54,6270,684389,2025-05-19 03:51:48
363743,TrackAddedToPlaylist,47,4219,882353,2025-05-07 03:27:52
363744,TrackAddedToPlaylist,38,3792,770309,2025-05-08 05:54:47
363745,TrackAddedToPlaylist,31,8920,408549,2025-05-24 00:50:35
363746,TrackAddedToPlaylist,79,7296,479252,2025-05-09 12:46:55
363747,TrackAddedToPlaylist,52,9809,405508,2025-05-13 23:00:06
363748,TrackAddedToPlaylist,76,2992,580999,2025-05-21 15:10:59
363749,TrackAddedToPlaylist,73,9722,598397,2025-05-27 23:42:07
363750,TrackAddedToPlaylist,95,1266,552937,2025-05-09 23:37:21
363751,TrackAddedToPlaylist,8,4423,145720,2025-05-28 04:54:11
363752,TrackAddedToPlaylist,83,6996,677171,2025-05-20 18:16:30
363753,TrackAddedToPlaylist,61,9722,342789,2025-05-31 20:56:25
363754,TrackAddedToPlaylist,65,2562,105837,2025-05-04 04:56:11
363755,TrackAddedToPlaylist,94,7077,371941,2025-05-31 07:40:54
363756,TrackAddedToPlaylist,39,3792,846417,2025-05-14 09:41:47
363757,TrackAddedToPlaylist,50,6340,222578,2025-05-15 15:53:38
363758,TrackAddedToPlaylist,41,4458,479252,2025-05-31 10:10:50
363759,TrackAddedToPlaylist,83,9610,426041,2025-05-25 09:26:02
363760,TrackAddedToPlaylist,47,7253,846604,2025-05-27 19:42:51
363761,TrackAddedToPlaylist,73,4189,412515,2025-05-10 07:13:24
363762,TrackAddedToPlaylist,79,4120,123814,2025-05-09 13:30:33
363763,TrackAddedToPlaylist,18,6755,467693,2025-05-03 11:01:32
363764,TrackAddedToPlaylist,26,5296,414890,2025-05-19 12:16:30
363765,TrackAddedToPlaylist,97,7799,791566,2025-05-06 20:31:33
363766,TrackAddedToPlaylist,98,5296,623431,2025-05-27 08:44:39
363767,TrackAddedToPlaylist,11,7487,960299,2025-05-12 11:03:00
363768,TrackAddedToPlaylist,25,9610,184496,2025-05-03 19:13:13
363769,TrackAddedToPlaylist,43,5148,376353,2025-05-05 02:58:04
363770,TrackAddedToPlaylist,89,5859,408549,2025-05-25 02:31:53
